record_id,year,faculty,role,digital_infrastructure_score,digital_competence_score,platform_reliability_score,digital_governance_score,process_automation_score,change_readiness_score,student_service_access_score,teaching_support_quality_score,user_satisfaction_score,processing_time_hours,error_rate_pct,high_quality_efficiency
UNMSM_DEMO_0001,2022,Faculty_13,student,39.76,70.47,49.39,52.98,32.71,55.41,65.83,67.36,61.3,92.27,18.67,0
UNMSM_DEMO_0002,2025,Faculty_16,faculty,57.52,67.19,43.35,63.3,49.15,47.44,64.78,69.34,52.95,101.08,15.22,1
UNMSM_DEMO_0003,2025,Faculty_15,administrative,88.76,96.77,100.0,90.21,76.43,65.69,90.04,90.62,80.64,48.81,2.2,1
UNMSM_DEMO_0004,2024,Faculty_03,faculty,94.36,73.14,73.08,61.92,66.16,81.67,70.42,77.79,54.31,89.91,7.35,1
UNMSM_DEMO_0005,2024,Faculty_17,manager,53.72,46.05,77.58,54.38,47.61,31.4,64.51,53.09,56.93,80.28,9.7,1
UNMSM_DEMO_0006,2026,Faculty_11,administrative,90.11,67.25,64.44,62.51,60.81,65.97,65.71,83.48,62.22,92.31,13.38,0
UNMSM_DEMO_0007,2022,Faculty_07,administrative,42.6,32.5,56.91,44.62,44.74,42.71,54.51,55.57,56.26,93.24,12.41,0
UNMSM_DEMO_0008,2025,Faculty_11,student,46.68,39.53,47.85,42.86,38.87,3.77,67.36,50.24,41.88,91.59,12.9,0
UNMSM_DEMO_0009,2023,Faculty_20,faculty,51.23,54.68,59.17,54.35,50.29,47.09,72.78,61.26,50.49,77.97,9.73,1
UNMSM_DEMO_0010,2022,Faculty_18,student,61.67,60.95,43.76,38.3,26.82,49.21,53.86,59.17,58.61,88.19,13.83,1
UNMSM_DEMO_0011,2024,Faculty_17,faculty,73.94,54.6,63.31,46.98,41.12,48.54,66.42,75.49,55.25,86.55,14.96,1
UNMSM_DEMO_0012,2026,Faculty_10,faculty,55.17,22.61,56.46,21.42,33.58,43.86,62.34,63.68,35.54,106.95,12.37,0
UNMSM_DEMO_0013,2025,Faculty_16,manager,49.08,58.42,51.58,51.01,51.6,35.03,64.19,64.46,71.18,78.71,9.53,1
UNMSM_DEMO_0014,2025,Faculty_08,manager,72.47,55.5,65.71,59.5,62.64,39.12,57.43,63.24,49.64,66.88,6.82,1
UNMSM_DEMO_0015,2025,Faculty_14,student,64.42,65.09,63.3,65.6,38.66,54.88,55.74,72.8,57.7,79.33,9.65,1
UNMSM_DEMO_0016,2025,Faculty_13,faculty,85.71,64.31,89.95,47.22,53.78,56.52,82.22,74.35,67.17,90.52,3.58,1
UNMSM_DEMO_0017,2024,Faculty_05,faculty,56.63,43.06,50.31,45.92,50.08,34.96,48.28,55.6,51.59,95.67,8.72,0
UNMSM_DEMO_0018,2022,Faculty_06,student,71.02,71.45,79.6,79.95,59.98,74.05,69.27,78.69,63.15,59.02,12.33,1
UNMSM_DEMO_0019,2026,Faculty_02,student,42.91,39.67,59.04,49.98,34.01,34.65,61.14,54.63,46.96,80.78,11.51,0
UNMSM_DEMO_0020,2024,Faculty_03,student,65.73,60.16,71.03,60.34,88.14,61.77,71.94,71.48,56.72,60.99,7.45,1
UNMSM_DEMO_0021,2024,Faculty_09,administrative,71.37,65.73,51.01,56.97,53.54,52.64,65.22,67.28,47.73,94.64,3.1,1
UNMSM_DEMO_0022,2023,Faculty_10,student,56.19,37.1,44.09,57.18,37.33,21.11,57.87,56.22,65.97,98.92,14.51,0
UNMSM_DEMO_0023,2022,Faculty_04,manager,65.08,35.75,57.05,36.29,48.28,34.33,71.68,51.88,48.15,69.35,10.21,1
UNMSM_DEMO_0024,2026,Faculty_09,student,63.65,73.34,85.56,64.05,60.71,55.78,73.64,80.25,67.61,67.43,5.89,1
UNMSM_DEMO_0025,2025,Faculty_13,manager,78.77,78.36,73.01,54.75,56.97,79.92,68.59,71.4,59.98,63.82,9.17,1
UNMSM_DEMO_0026,2025,Faculty_05,student,75.43,59.14,76.68,48.98,78.51,56.96,73.26,65.84,57.01,61.37,4.51,1
UNMSM_DEMO_0027,2024,Faculty_07,administrative,71.11,54.71,82.55,70.35,84.95,48.34,75.76,64.83,58.89,74.94,0.2,1
UNMSM_DEMO_0028,2026,Faculty_08,student,84.03,80.13,91.71,82.56,82.14,27.86,90.73,66.65,58.3,37.11,7.31,1
UNMSM_DEMO_0029,2024,Faculty_11,faculty,65.11,39.83,60.16,69.19,57.0,57.5,71.97,68.52,53.92,51.93,10.25,1
UNMSM_DEMO_0030,2024,Faculty_08,administrative,72.6,69.59,91.26,66.73,52.72,58.44,83.91,69.02,62.01,64.38,6.87,1
UNMSM_DEMO_0031,2024,Faculty_15,administrative,74.39,69.46,76.04,71.51,93.19,83.89,68.28,71.65,73.24,54.32,1.53,1
UNMSM_DEMO_0032,2023,Faculty_07,administrative,83.92,65.01,71.25,98.49,67.21,61.92,70.5,79.88,58.09,65.86,3.21,1
UNMSM_DEMO_0033,2022,Faculty_09,student,42.65,38.3,36.06,32.22,35.15,43.57,53.23,50.09,37.26,97.86,14.28,0
UNMSM_DEMO_0034,2024,Faculty_08,student,53.7,47.9,75.64,38.1,23.92,52.04,65.67,64.55,45.19,111.43,16.91,0
UNMSM_DEMO_0035,2026,Faculty_04,student,85.31,71.41,88.74,56.58,56.85,61.93,71.35,69.23,77.5,53.43,8.14,0
UNMSM_DEMO_0036,2022,Faculty_14,student,43.76,50.3,45.47,52.32,37.74,36.73,66.12,64.02,41.06,100.42,8.52,1
UNMSM_DEMO_0037,2026,Faculty_05,faculty,55.81,45.31,67.34,53.13,33.91,39.05,71.63,67.49,57.73,84.32,12.23,1
UNMSM_DEMO_0038,2026,Faculty_06,faculty,69.71,67.94,69.81,76.83,31.8,53.11,67.74,75.45,69.74,92.08,11.46,1
UNMSM_DEMO_0039,2023,Faculty_16,administrative,65.61,64.01,81.98,42.73,62.41,56.04,75.9,75.85,57.31,59.11,9.99,1
UNMSM_DEMO_0040,2025,Faculty_19,administrative,64.49,53.0,50.65,69.46,78.99,61.69,65.76,64.21,44.11,59.25,9.59,1
UNMSM_DEMO_0041,2022,Faculty_14,faculty,52.93,39.83,49.76,43.55,54.83,40.41,65.81,53.1,37.44,81.79,1.53,1
UNMSM_DEMO_0042,2025,Faculty_19,administrative,45.54,37.78,55.27,56.64,45.4,30.65,50.5,50.15,55.73,94.74,12.77,0
UNMSM_DEMO_0043,2025,Faculty_18,student,64.27,56.78,41.33,31.69,47.84,66.62,61.07,72.62,39.0,66.75,8.83,0
UNMSM_DEMO_0044,2023,Faculty_10,student,52.44,44.66,62.13,57.01,49.33,36.55,62.95,65.32,55.61,78.99,5.96,1
UNMSM_DEMO_0045,2022,Faculty_16,faculty,87.7,54.09,76.1,82.96,90.0,68.56,80.66,65.26,66.7,36.73,4.21,1
UNMSM_DEMO_0046,2026,Faculty_07,administrative,83.26,60.62,77.33,60.88,60.09,54.25,70.93,70.25,65.88,77.8,9.21,1
UNMSM_DEMO_0047,2024,Faculty_10,student,61.02,58.86,92.22,70.21,65.9,61.61,54.87,71.48,66.55,75.53,1.37,1
UNMSM_DEMO_0048,2026,Faculty_11,student,50.34,73.87,60.42,44.97,56.95,42.86,54.82,60.56,45.99,92.88,11.62,1
UNMSM_DEMO_0049,2025,Faculty_20,faculty,68.96,42.11,60.04,48.16,60.68,49.95,67.09,62.11,45.56,68.17,11.41,1
UNMSM_DEMO_0050,2025,Faculty_17,student,60.38,39.45,60.15,43.52,46.26,44.43,65.59,56.44,56.66,94.8,10.84,1
UNMSM_DEMO_0051,2025,Faculty_10,student,38.54,45.58,50.52,8.3,21.21,27.41,68.69,49.85,36.46,122.59,11.53,0
UNMSM_DEMO_0052,2022,Faculty_14,administrative,39.77,54.79,40.5,43.46,45.26,12.29,59.12,44.38,23.8,64.52,9.25,1
UNMSM_DEMO_0053,2023,Faculty_05,faculty,46.59,31.44,38.53,44.0,40.77,54.58,57.09,43.44,48.82,93.93,15.9,0
UNMSM_DEMO_0054,2024,Faculty_17,student,46.46,30.18,52.27,22.24,30.0,27.88,59.28,50.18,35.05,109.44,8.51,0
UNMSM_DEMO_0055,2024,Faculty_12,administrative,55.53,53.21,55.65,44.33,57.37,46.43,70.52,61.87,54.69,74.26,12.99,0
UNMSM_DEMO_0056,2022,Faculty_11,student,73.81,44.98,51.52,61.92,60.97,50.09,62.87,53.84,66.18,56.46,9.19,1
UNMSM_DEMO_0057,2024,Faculty_16,administrative,48.61,39.94,51.57,56.79,71.28,46.37,58.97,62.61,49.41,77.92,8.26,1
UNMSM_DEMO_0058,2022,Faculty_13,student,81.64,65.1,83.13,57.92,70.74,57.51,68.52,72.37,72.07,52.22,1.27,1
UNMSM_DEMO_0059,2025,Faculty_02,faculty,83.71,80.61,72.82,51.69,98.32,72.28,84.39,81.21,64.89,50.86,3.65,1
UNMSM_DEMO_0060,2025,Faculty_06,student,83.55,64.47,65.68,75.13,54.06,53.38,75.59,67.27,75.84,71.01,11.3,1
UNMSM_DEMO_0061,2026,Faculty_04,student,54.15,55.0,58.36,47.45,40.71,51.33,58.05,58.71,43.57,94.34,7.43,0
UNMSM_DEMO_0062,2025,Faculty_15,administrative,80.68,77.58,70.33,81.98,68.42,50.08,72.26,73.32,65.93,54.35,9.05,1
UNMSM_DEMO_0063,2023,Faculty_01,student,78.63,85.36,73.68,60.48,64.84,54.31,76.79,67.09,69.77,61.0,7.98,1
UNMSM_DEMO_0064,2026,Faculty_05,student,77.55,51.47,50.59,42.4,73.96,43.53,66.09,64.32,52.4,69.91,6.39,1
UNMSM_DEMO_0065,2024,Faculty_12,student,65.71,64.43,60.47,72.42,53.92,71.72,62.96,63.69,67.85,84.31,12.4,1
UNMSM_DEMO_0066,2023,Faculty_14,faculty,67.98,80.88,68.05,64.54,68.31,36.87,64.43,77.41,58.39,93.74,1.11,1
UNMSM_DEMO_0067,2026,Faculty_11,administrative,71.38,42.28,62.16,59.22,65.64,32.03,71.03,56.28,72.27,51.0,9.47,1
UNMSM_DEMO_0068,2023,Faculty_18,manager,49.99,56.05,55.54,51.56,44.16,19.35,58.71,66.58,68.04,86.61,16.11,1
UNMSM_DEMO_0069,2022,Faculty_19,student,36.85,32.98,36.28,30.45,22.04,28.2,50.12,42.53,42.0,87.23,19.36,0
UNMSM_DEMO_0070,2024,Faculty_03,student,70.35,60.89,66.99,53.68,70.61,43.94,60.09,61.69,62.32,79.97,8.71,1
UNMSM_DEMO_0071,2025,Faculty_20,student,77.55,61.84,78.27,57.88,74.77,37.51,74.48,70.64,71.47,53.14,5.39,1
UNMSM_DEMO_0072,2022,Faculty_13,faculty,51.19,37.49,55.25,28.37,44.29,36.0,60.22,64.77,36.83,80.45,9.35,0
UNMSM_DEMO_0073,2024,Faculty_13,manager,68.08,49.43,64.49,51.66,56.59,30.1,66.0,72.43,44.95,68.89,8.35,0
UNMSM_DEMO_0074,2022,Faculty_02,faculty,64.78,63.47,62.27,69.64,57.9,46.51,68.23,66.86,68.42,69.83,10.9,1
UNMSM_DEMO_0075,2025,Faculty_13,faculty,88.24,77.14,63.55,65.17,64.17,71.39,78.93,87.11,66.3,72.29,6.07,1
UNMSM_DEMO_0076,2024,Faculty_15,student,77.42,73.22,76.32,57.61,81.22,71.96,78.38,73.8,60.97,66.73,8.0,1
UNMSM_DEMO_0077,2023,Faculty_12,administrative,73.63,70.47,83.33,50.49,67.94,66.83,77.82,83.41,61.87,69.94,13.09,1
UNMSM_DEMO_0078,2023,Faculty_02,student,51.07,52.7,50.42,57.63,28.65,30.96,58.71,52.36,31.84,73.88,13.13,1
UNMSM_DEMO_0079,2024,Faculty_11,student,93.23,66.12,70.14,71.62,64.35,51.94,72.57,72.61,64.23,75.44,3.98,1
UNMSM_DEMO_0080,2025,Faculty_19,student,50.65,63.09,56.29,43.69,41.82,34.16,54.26,47.02,45.54,85.44,7.42,1
UNMSM_DEMO_0081,2026,Faculty_15,student,74.06,81.64,79.21,66.75,76.03,61.97,69.01,69.33,72.19,75.44,8.42,1
UNMSM_DEMO_0082,2024,Faculty_03,student,50.51,85.72,60.25,39.97,54.59,62.23,62.54,77.79,62.3,71.49,9.6,1
UNMSM_DEMO_0083,2022,Faculty_20,student,55.32,47.12,58.66,59.7,45.01,57.8,57.89,53.94,57.28,61.09,13.57,0
UNMSM_DEMO_0084,2026,Faculty_20,student,41.36,40.34,56.44,34.18,42.01,40.86,59.67,61.3,49.0,87.94,9.83,1
UNMSM_DEMO_0085,2025,Faculty_04,faculty,63.86,66.97,71.96,67.79,47.87,42.17,61.95,75.15,47.99,92.28,12.19,1
UNMSM_DEMO_0086,2025,Faculty_17,student,55.58,53.6,64.28,39.36,52.85,36.68,53.08,59.32,56.74,83.02,9.21,1
UNMSM_DEMO_0087,2022,Faculty_09,student,66.48,59.32,75.67,74.94,57.63,58.14,76.0,63.09,66.42,67.17,6.17,1
UNMSM_DEMO_0088,2023,Faculty_12,manager,83.05,68.14,65.74,71.25,65.95,64.95,69.4,67.97,73.18,55.47,6.94,1
UNMSM_DEMO_0089,2025,Faculty_09,faculty,57.04,58.44,50.2,55.77,51.95,66.44,56.16,59.02,69.65,98.58,7.18,1
UNMSM_DEMO_0090,2026,Faculty_16,student,81.0,57.74,70.04,68.51,43.72,35.64,65.43,64.24,47.97,66.47,16.26,1
UNMSM_DEMO_0091,2024,Faculty_20,student,61.1,47.64,52.41,52.25,35.87,42.16,66.6,60.38,48.7,78.5,12.1,1
UNMSM_DEMO_0092,2026,Faculty_16,administrative,58.92,57.61,52.1,54.57,62.62,59.04,72.58,62.69,46.96,78.76,11.4,1
UNMSM_DEMO_0093,2026,Faculty_19,student,79.94,80.7,71.0,64.19,50.96,43.62,70.18,84.25,65.48,53.65,7.81,1
UNMSM_DEMO_0094,2023,Faculty_19,student,70.89,50.57,55.88,70.73,62.79,44.53,65.63,56.47,57.33,83.08,6.03,0
UNMSM_DEMO_0095,2026,Faculty_02,administrative,96.02,61.97,77.61,68.07,99.24,63.58,86.46,81.53,64.74,55.89,2.95,1
UNMSM_DEMO_0096,2023,Faculty_06,student,46.04,33.01,53.32,46.74,40.67,44.72,46.95,49.0,54.85,96.74,15.1,0
UNMSM_DEMO_0097,2023,Faculty_15,faculty,80.24,54.4,80.1,63.14,67.2,44.44,88.86,67.88,53.71,73.95,5.44,1
UNMSM_DEMO_0098,2025,Faculty_12,faculty,61.49,48.84,68.17,61.1,70.58,59.52,84.32,74.03,47.89,63.98,4.85,1
UNMSM_DEMO_0099,2025,Faculty_02,faculty,89.85,67.41,94.91,60.46,62.21,67.29,62.09,85.2,59.71,57.91,6.98,1
UNMSM_DEMO_0100,2022,Faculty_02,student,62.83,38.64,55.51,48.23,51.73,53.12,64.12,56.56,48.17,77.81,11.92,0
UNMSM_DEMO_0101,2026,Faculty_11,student,73.72,55.48,64.94,55.77,51.97,41.93,64.9,68.14,47.66,65.77,14.67,0
UNMSM_DEMO_0102,2022,Faculty_13,student,59.87,46.1,57.0,32.91,41.24,51.8,62.45,64.57,49.26,94.92,12.53,0
UNMSM_DEMO_0103,2026,Faculty_04,student,60.3,50.23,62.78,48.9,40.34,33.75,62.77,57.4,51.93,95.27,13.1,1
UNMSM_DEMO_0104,2022,Faculty_04,administrative,73.37,74.85,67.88,46.28,60.38,54.96,76.16,76.34,52.91,92.95,10.77,0
UNMSM_DEMO_0105,2025,Faculty_03,student,73.84,74.12,90.04,45.81,78.19,82.19,74.7,93.39,70.36,70.0,1.64,1
UNMSM_DEMO_0106,2025,Faculty_12,faculty,78.01,67.1,63.23,63.9,62.69,58.99,64.38,72.91,60.38,80.64,5.79,1
UNMSM_DEMO_0107,2025,Faculty_01,administrative,94.42,71.76,87.06,77.79,63.0,54.31,79.39,78.9,78.83,62.34,3.72,1
UNMSM_DEMO_0108,2025,Faculty_12,administrative,81.9,71.16,80.41,77.21,63.93,68.48,79.23,80.27,65.26,59.8,3.34,1
UNMSM_DEMO_0109,2024,Faculty_10,student,56.57,58.53,45.49,55.55,53.47,33.38,52.56,49.68,51.3,82.39,13.32,0
UNMSM_DEMO_0110,2025,Faculty_10,student,63.92,70.57,75.79,40.78,82.13,42.54,58.05,73.82,53.33,59.99,6.53,1
UNMSM_DEMO_0111,2023,Faculty_14,manager,47.0,41.69,66.3,31.53,47.22,34.31,76.69,52.54,48.26,89.37,10.4,1
UNMSM_DEMO_0112,2025,Faculty_11,faculty,54.65,61.6,58.0,75.99,53.05,47.35,58.56,61.2,62.55,59.09,2.33,1
UNMSM_DEMO_0113,2024,Faculty_15,administrative,64.64,32.69,57.52,36.93,54.63,56.31,64.79,73.91,46.04,70.14,16.13,0
UNMSM_DEMO_0114,2024,Faculty_16,administrative,99.91,77.32,62.05,77.93,72.43,74.56,73.84,72.7,71.84,68.31,5.01,1
UNMSM_DEMO_0115,2024,Faculty_19,administrative,81.77,70.26,54.94,51.13,54.57,61.39,73.82,63.99,51.82,87.85,16.31,0
UNMSM_DEMO_0116,2024,Faculty_16,student,50.37,54.02,70.47,52.4,40.62,37.73,77.02,72.41,60.1,72.73,6.25,1
UNMSM_DEMO_0117,2022,Faculty_11,faculty,80.12,85.1,64.54,56.8,79.01,57.98,75.69,67.95,58.13,70.39,4.35,1
UNMSM_DEMO_0118,2022,Faculty_10,student,45.33,24.48,28.49,31.74,0.0,33.29,43.33,44.17,46.31,105.67,11.4,0
UNMSM_DEMO_0119,2023,Faculty_05,faculty,35.18,39.03,44.44,31.21,33.59,24.95,44.94,61.91,42.4,93.92,14.28,0
UNMSM_DEMO_0120,2022,Faculty_12,manager,70.36,62.6,60.46,54.27,53.24,56.9,65.21,67.83,69.35,94.15,6.61,1
UNMSM_DEMO_0121,2024,Faculty_03,student,50.66,58.6,59.31,44.16,50.27,57.46,60.36,55.37,42.39,91.0,7.1,0
UNMSM_DEMO_0122,2025,Faculty_19,student,74.14,62.36,74.41,61.43,78.87,50.67,60.08,73.13,49.55,70.81,2.0,1
UNMSM_DEMO_0123,2025,Faculty_17,student,44.57,48.81,43.11,29.28,31.9,41.22,62.7,55.21,39.3,118.04,15.81,0
UNMSM_DEMO_0124,2024,Faculty_03,manager,67.32,67.25,54.64,58.02,46.22,69.29,58.27,80.26,45.28,71.63,13.23,1
UNMSM_DEMO_0125,2026,Faculty_16,student,83.55,96.81,87.42,100.0,84.61,70.14,88.08,79.9,62.96,36.63,10.01,1
UNMSM_DEMO_0126,2024,Faculty_03,student,80.23,67.22,79.14,76.57,69.27,73.21,87.62,82.32,70.65,54.1,4.78,1
UNMSM_DEMO_0127,2022,Faculty_15,student,70.23,64.85,70.67,59.05,45.35,59.85,68.47,83.05,59.54,77.24,10.72,1
UNMSM_DEMO_0128,2025,Faculty_02,student,57.47,49.59,55.56,50.31,33.98,31.47,66.39,53.27,48.02,60.48,8.5,1
UNMSM_DEMO_0129,2024,Faculty_10,student,52.17,62.71,67.89,30.27,39.35,35.93,55.92,64.55,48.8,88.3,9.91,1
UNMSM_DEMO_0130,2025,Faculty_14,student,26.2,32.09,39.28,19.36,43.42,21.54,55.34,52.47,32.44,84.75,10.92,0
UNMSM_DEMO_0131,2024,Faculty_15,student,66.96,72.48,81.75,69.66,58.17,45.17,68.25,66.7,76.44,80.0,9.27,1
UNMSM_DEMO_0132,2024,Faculty_09,student,71.49,89.56,60.41,55.4,69.95,59.46,60.7,77.07,54.65,71.9,11.13,1
UNMSM_DEMO_0133,2022,Faculty_19,student,28.68,38.02,55.78,25.68,24.64,43.0,53.28,56.3,31.15,92.82,16.36,0
UNMSM_DEMO_0134,2024,Faculty_16,student,61.69,30.46,51.14,45.07,38.15,59.19,60.26,55.62,55.19,94.83,9.7,0
UNMSM_DEMO_0135,2025,Faculty_05,student,51.51,43.94,73.2,32.65,60.41,43.82,63.25,63.42,48.95,87.29,11.23,1
UNMSM_DEMO_0136,2023,Faculty_14,faculty,42.81,59.67,57.13,29.11,36.38,37.44,66.2,63.65,64.08,83.49,11.87,0
UNMSM_DEMO_0137,2025,Faculty_15,student,65.21,67.07,56.84,56.08,52.82,29.63,60.26,65.07,52.07,71.01,9.24,1
UNMSM_DEMO_0138,2022,Faculty_07,student,43.56,36.65,34.54,18.16,32.96,31.93,66.94,47.4,46.65,70.63,11.83,0
UNMSM_DEMO_0139,2023,Faculty_15,student,75.19,73.23,73.06,51.35,51.04,58.43,62.85,69.26,69.7,66.0,7.59,1
UNMSM_DEMO_0140,2024,Faculty_18,student,74.01,71.38,79.26,54.48,57.26,61.55,84.47,73.53,57.6,65.98,13.38,1
UNMSM_DEMO_0141,2026,Faculty_17,student,73.94,72.67,65.1,60.46,56.85,72.66,62.91,73.23,54.51,74.51,10.11,1
UNMSM_DEMO_0142,2023,Faculty_16,student,23.94,41.39,38.58,22.39,18.75,40.84,50.18,51.94,43.89,92.74,15.76,0
UNMSM_DEMO_0143,2023,Faculty_13,administrative,51.3,62.25,58.36,39.25,40.9,50.67,58.77,68.35,55.8,81.53,10.63,1
UNMSM_DEMO_0144,2024,Faculty_06,student,81.97,74.92,75.28,73.53,93.04,53.75,72.11,60.64,54.23,35.74,11.83,1
UNMSM_DEMO_0145,2026,Faculty_16,student,34.91,44.27,31.36,26.02,27.58,18.58,57.28,45.9,30.35,100.38,18.69,0
UNMSM_DEMO_0146,2026,Faculty_08,student,71.31,56.45,57.56,51.39,29.32,47.48,78.13,61.92,35.26,96.13,10.58,1
UNMSM_DEMO_0147,2022,Faculty_11,student,39.6,37.19,49.5,41.72,36.25,31.67,65.31,48.7,49.6,94.46,11.73,0
UNMSM_DEMO_0148,2023,Faculty_07,student,76.73,82.11,78.68,67.53,61.88,65.55,70.96,89.14,63.37,69.23,7.04,1
UNMSM_DEMO_0149,2026,Faculty_07,administrative,68.31,58.41,76.47,49.1,51.7,49.17,72.24,68.57,56.92,60.8,9.4,1
UNMSM_DEMO_0150,2022,Faculty_04,administrative,41.51,67.09,68.65,55.25,55.96,44.07,56.25,69.69,40.5,67.97,6.94,1
UNMSM_DEMO_0151,2026,Faculty_20,student,88.31,69.89,75.67,56.4,67.04,70.82,69.43,71.25,55.26,64.14,8.65,1
UNMSM_DEMO_0152,2023,Faculty_03,student,60.65,69.5,83.77,63.59,74.29,71.49,62.39,76.13,57.42,58.4,10.32,1
UNMSM_DEMO_0153,2026,Faculty_02,student,64.64,61.08,60.17,63.46,64.11,30.95,63.27,54.66,51.82,69.78,4.8,1
UNMSM_DEMO_0154,2023,Faculty_19,student,75.72,75.12,62.51,60.59,49.93,55.2,71.7,69.87,61.75,94.5,6.75,1
UNMSM_DEMO_0155,2024,Faculty_12,faculty,45.64,49.7,42.22,42.22,24.27,40.24,43.68,51.34,50.87,105.84,12.93,0
UNMSM_DEMO_0156,2025,Faculty_09,student,71.56,55.79,64.98,71.9,100.0,74.6,69.01,67.31,77.97,35.17,3.14,1
UNMSM_DEMO_0157,2022,Faculty_15,student,42.12,45.24,54.16,42.1,30.24,40.68,69.32,41.23,46.59,100.99,18.88,1
UNMSM_DEMO_0158,2024,Faculty_08,administrative,67.49,71.22,59.62,54.8,47.81,55.5,74.87,61.58,66.2,87.69,13.57,0
UNMSM_DEMO_0159,2024,Faculty_03,student,50.36,56.64,68.99,63.11,37.26,53.84,60.18,77.41,48.46,74.06,13.91,1
UNMSM_DEMO_0160,2025,Faculty_15,student,59.28,27.37,56.35,47.92,37.96,21.91,54.22,57.76,35.81,97.33,11.09,0
UNMSM_DEMO_0161,2026,Faculty_04,faculty,74.3,84.22,72.24,59.51,52.71,38.72,74.92,82.23,60.27,74.21,8.29,1
UNMSM_DEMO_0162,2025,Faculty_12,student,71.07,77.5,79.22,80.51,64.71,74.02,56.11,87.59,53.1,47.36,2.98,1
UNMSM_DEMO_0163,2024,Faculty_19,student,64.85,61.23,65.25,59.51,69.3,68.09,75.28,74.51,57.46,72.47,10.15,1
UNMSM_DEMO_0164,2024,Faculty_19,student,38.8,39.4,52.42,42.85,38.54,39.66,55.9,53.9,39.27,90.7,13.57,0
UNMSM_DEMO_0165,2024,Faculty_08,administrative,71.44,68.59,55.35,55.46,58.64,67.21,80.0,62.41,41.4,71.15,13.53,1
UNMSM_DEMO_0166,2026,Faculty_16,student,86.76,65.0,78.01,68.63,50.16,71.04,64.37,81.83,79.07,74.8,8.39,1
UNMSM_DEMO_0167,2023,Faculty_13,student,26.71,49.7,49.61,23.98,46.79,40.74,59.82,59.91,37.48,79.64,10.95,0
UNMSM_DEMO_0168,2022,Faculty_10,student,43.87,49.67,42.3,45.19,20.92,31.23,55.89,74.01,33.06,104.52,15.25,0
UNMSM_DEMO_0169,2023,Faculty_03,student,66.61,68.21,68.86,90.09,79.21,79.81,66.48,71.6,70.32,53.39,9.14,1
UNMSM_DEMO_0170,2022,Faculty_08,faculty,73.59,59.16,54.82,49.22,62.75,60.6,58.08,79.84,49.99,75.18,4.85,1
UNMSM_DEMO_0171,2022,Faculty_14,student,54.14,57.37,56.97,55.24,59.71,51.88,66.86,63.57,61.63,77.64,11.65,1
UNMSM_DEMO_0172,2022,Faculty_20,faculty,95.15,84.05,64.61,65.99,62.77,63.24,80.59,84.46,60.48,55.12,8.51,1
UNMSM_DEMO_0173,2025,Faculty_01,faculty,74.36,57.03,81.11,56.27,64.76,59.51,86.16,82.42,56.8,59.58,4.02,1
UNMSM_DEMO_0174,2025,Faculty_15,administrative,67.6,51.36,81.01,78.68,60.37,40.2,78.81,58.94,65.02,40.61,1.43,1
UNMSM_DEMO_0175,2025,Faculty_17,student,96.11,94.25,94.73,79.09,92.56,86.8,78.6,84.02,79.6,56.1,2.78,1
UNMSM_DEMO_0176,2024,Faculty_20,administrative,57.02,63.17,78.83,46.91,48.47,39.37,61.28,61.5,62.82,67.07,13.49,1
UNMSM_DEMO_0177,2025,Faculty_09,faculty,49.23,57.82,56.62,31.35,24.2,48.1,51.66,55.54,47.86,100.44,18.4,0
UNMSM_DEMO_0178,2022,Faculty_03,student,65.89,63.36,89.14,47.13,65.9,50.54,83.37,77.18,64.59,76.42,7.58,1
UNMSM_DEMO_0179,2026,Faculty_06,administrative,67.44,64.18,69.9,45.74,64.81,53.48,63.82,67.96,62.94,80.14,13.86,0
UNMSM_DEMO_0180,2024,Faculty_18,administrative,42.24,61.61,60.56,54.52,41.82,38.41,70.51,64.87,53.43,68.92,11.03,0
UNMSM_DEMO_0181,2026,Faculty_18,student,56.57,52.22,55.13,74.64,40.42,39.9,66.64,65.0,53.66,78.33,14.56,1
UNMSM_DEMO_0182,2022,Faculty_13,administrative,73.3,73.23,82.14,71.74,81.97,95.88,75.9,67.58,53.51,77.02,3.88,1
UNMSM_DEMO_0183,2024,Faculty_03,student,63.9,59.15,73.46,40.93,48.42,70.5,66.91,80.25,60.8,103.71,7.99,1
UNMSM_DEMO_0184,2025,Faculty_03,faculty,52.94,73.88,57.88,56.94,22.67,48.58,67.18,66.37,55.4,105.14,11.42,0
UNMSM_DEMO_0185,2024,Faculty_10,manager,70.02,50.81,87.23,56.81,70.39,60.88,73.69,74.02,57.6,71.14,0.2,1
UNMSM_DEMO_0186,2024,Faculty_12,student,80.7,62.91,64.17,65.79,58.29,60.19,69.13,73.19,71.11,59.43,12.96,1
UNMSM_DEMO_0187,2022,Faculty_01,administrative,57.42,35.68,58.16,44.4,42.52,61.9,68.74,70.15,38.39,94.14,9.33,1
UNMSM_DEMO_0188,2023,Faculty_14,student,71.71,61.54,57.38,51.87,45.68,48.49,66.69,64.63,69.51,80.01,8.55,1
UNMSM_DEMO_0189,2023,Faculty_11,administrative,33.29,39.74,52.64,36.01,35.18,38.23,50.31,42.13,43.77,98.37,8.91,0
UNMSM_DEMO_0190,2023,Faculty_01,faculty,62.0,39.68,62.47,63.46,39.47,35.48,70.3,58.93,56.8,74.83,10.67,1
UNMSM_DEMO_0191,2025,Faculty_02,student,93.68,84.02,77.24,74.77,70.57,83.48,77.78,82.06,66.03,60.42,12.12,1
UNMSM_DEMO_0192,2025,Faculty_10,student,66.4,61.86,62.71,56.16,54.8,79.38,70.81,63.91,43.21,77.79,15.86,1
UNMSM_DEMO_0193,2025,Faculty_15,student,71.75,36.25,86.16,49.87,61.39,49.12,70.87,65.42,57.17,76.72,2.23,1
UNMSM_DEMO_0194,2023,Faculty_17,student,47.29,60.32,53.56,33.7,40.42,23.55,51.56,58.01,51.38,95.27,10.74,0
UNMSM_DEMO_0195,2026,Faculty_09,student,64.78,73.25,51.19,57.46,49.74,54.59,76.55,58.81,61.64,71.33,7.84,1
UNMSM_DEMO_0196,2022,Faculty_06,student,52.26,67.36,49.43,29.34,66.2,39.52,71.33,68.7,47.51,60.14,12.22,1
UNMSM_DEMO_0197,2023,Faculty_20,student,59.78,56.81,56.64,43.4,49.97,40.93,70.38,58.86,34.74,101.17,11.4,1
UNMSM_DEMO_0198,2022,Faculty_10,student,65.87,64.62,71.17,67.67,63.64,68.06,66.39,69.05,47.87,97.95,6.11,1
UNMSM_DEMO_0199,2023,Faculty_07,faculty,40.03,52.95,49.89,35.97,24.4,37.47,55.08,56.66,62.43,102.96,14.04,1
UNMSM_DEMO_0200,2026,Faculty_09,faculty,80.45,88.44,81.85,73.39,64.65,55.25,85.21,87.19,59.52,50.21,5.73,1
UNMSM_DEMO_0201,2023,Faculty_01,faculty,52.57,64.54,51.28,47.17,22.01,41.06,58.52,63.55,62.53,86.82,18.83,0
UNMSM_DEMO_0202,2026,Faculty_07,student,80.4,57.35,74.46,73.84,75.56,57.15,69.47,69.5,55.73,66.09,8.12,1
UNMSM_DEMO_0203,2024,Faculty_11,administrative,54.38,49.74,44.97,50.85,44.28,36.23,73.23,54.77,47.85,99.03,13.99,1
UNMSM_DEMO_0204,2025,Faculty_19,faculty,84.23,78.68,71.88,75.08,72.3,53.08,74.07,76.82,71.58,46.91,0.2,1
UNMSM_DEMO_0205,2024,Faculty_15,student,77.5,53.36,65.95,76.98,68.68,60.8,83.59,76.16,54.63,61.49,7.63,1
UNMSM_DEMO_0206,2023,Faculty_16,student,80.89,71.29,58.44,70.06,71.57,65.33,60.72,75.27,74.18,65.47,14.29,1
UNMSM_DEMO_0207,2025,Faculty_11,faculty,48.94,68.58,61.45,34.94,20.21,34.89,65.85,70.85,51.76,110.53,17.45,0
UNMSM_DEMO_0208,2026,Faculty_03,student,79.5,77.69,81.66,53.68,64.29,44.74,89.72,78.26,68.1,67.1,1.67,1
UNMSM_DEMO_0209,2023,Faculty_08,student,68.7,75.78,72.93,60.66,43.76,66.93,70.49,65.43,59.15,62.0,9.14,1
UNMSM_DEMO_0210,2025,Faculty_20,manager,63.31,46.78,51.41,43.8,55.62,5.82,62.19,47.65,56.38,85.91,6.68,0
UNMSM_DEMO_0211,2023,Faculty_01,student,51.99,56.02,67.27,62.64,60.32,46.85,56.18,64.17,67.6,84.66,13.79,1
UNMSM_DEMO_0212,2025,Faculty_18,student,79.53,68.46,52.93,50.65,37.51,48.82,76.49,61.31,56.42,85.72,12.9,1
UNMSM_DEMO_0213,2025,Faculty_14,manager,60.53,58.4,78.27,53.05,47.58,59.19,63.78,62.85,71.59,85.43,6.98,1
UNMSM_DEMO_0214,2024,Faculty_06,faculty,69.87,51.13,66.19,60.55,54.85,59.95,68.46,52.93,52.47,69.0,9.44,0
UNMSM_DEMO_0215,2025,Faculty_16,student,85.1,76.58,73.77,58.49,55.59,67.31,66.41,66.1,70.72,64.65,0.9,1
UNMSM_DEMO_0216,2023,Faculty_17,administrative,84.59,85.46,77.18,49.35,55.59,58.9,86.56,75.55,68.67,89.41,5.23,1
UNMSM_DEMO_0217,2022,Faculty_01,administrative,76.08,57.35,60.15,67.24,85.33,70.71,77.62,67.64,50.67,60.91,6.51,1
UNMSM_DEMO_0218,2022,Faculty_03,student,21.11,36.01,18.71,0.0,14.17,25.48,44.81,41.74,32.03,118.09,19.67,0
UNMSM_DEMO_0219,2024,Faculty_14,faculty,62.44,54.96,53.73,41.06,55.1,30.0,56.23,60.64,52.15,97.46,4.35,0
UNMSM_DEMO_0220,2026,Faculty_20,student,68.01,64.75,71.6,69.71,50.25,71.26,80.55,69.46,54.0,62.28,8.32,1
UNMSM_DEMO_0221,2022,Faculty_01,student,32.69,42.08,48.44,48.98,33.17,18.65,52.25,61.48,47.6,82.89,15.99,1
UNMSM_DEMO_0222,2024,Faculty_14,faculty,64.81,69.89,51.54,42.88,51.04,57.56,56.75,66.68,55.24,83.1,6.42,0
UNMSM_DEMO_0223,2025,Faculty_03,student,85.57,74.31,67.91,66.44,70.12,68.78,61.57,78.84,63.51,58.05,8.22,1
UNMSM_DEMO_0224,2023,Faculty_14,faculty,43.82,60.24,44.21,40.47,43.6,44.17,52.48,63.15,46.73,95.3,12.31,0
UNMSM_DEMO_0225,2025,Faculty_13,administrative,66.59,67.46,65.31,77.51,43.45,49.92,57.83,58.95,59.75,74.47,15.79,1
UNMSM_DEMO_0226,2023,Faculty_02,student,41.13,54.08,40.0,37.0,56.66,51.94,50.96,59.76,42.05,67.68,10.28,1
UNMSM_DEMO_0227,2026,Faculty_14,faculty,67.06,47.95,49.15,45.84,53.27,28.12,69.8,48.35,52.75,80.03,10.18,0
UNMSM_DEMO_0228,2024,Faculty_18,student,88.09,95.36,68.9,85.74,87.3,66.05,72.2,78.68,64.6,52.6,8.14,1
UNMSM_DEMO_0229,2024,Faculty_18,administrative,61.34,58.27,58.89,44.28,35.12,40.37,67.62,58.35,74.66,100.83,8.04,1
UNMSM_DEMO_0230,2022,Faculty_01,student,73.27,66.75,51.53,62.31,43.85,49.17,61.79,68.38,46.24,85.02,10.91,1
UNMSM_DEMO_0231,2024,Faculty_05,faculty,44.25,24.21,45.12,18.65,16.89,38.0,57.77,41.86,35.6,111.58,13.62,0
UNMSM_DEMO_0232,2026,Faculty_05,faculty,97.48,73.4,94.29,76.77,86.96,82.48,96.49,81.15,68.15,56.82,3.42,1
UNMSM_DEMO_0233,2022,Faculty_10,student,69.66,73.41,51.71,40.03,56.56,54.25,63.44,72.31,71.03,76.62,12.7,1
UNMSM_DEMO_0234,2025,Faculty_03,faculty,66.08,62.04,62.0,43.44,49.52,58.76,69.83,74.32,44.37,73.31,11.88,1
UNMSM_DEMO_0235,2024,Faculty_18,faculty,68.66,45.62,77.4,68.72,50.33,58.3,60.29,61.19,62.99,78.61,6.8,1
UNMSM_DEMO_0236,2025,Faculty_16,faculty,69.8,57.28,49.05,39.99,24.74,28.08,75.97,59.61,54.25,92.4,14.26,1
UNMSM_DEMO_0237,2025,Faculty_17,faculty,79.57,67.39,70.98,65.82,71.84,60.99,69.56,72.83,65.12,84.31,11.6,1
UNMSM_DEMO_0238,2024,Faculty_04,manager,56.79,69.87,70.56,42.95,44.67,45.47,73.78,80.63,65.69,100.8,7.65,1
UNMSM_DEMO_0239,2023,Faculty_01,student,64.02,54.08,55.91,47.55,40.81,42.3,64.36,51.76,62.82,93.26,12.03,0
UNMSM_DEMO_0240,2025,Faculty_19,student,65.11,58.13,71.02,53.6,67.63,51.8,73.14,61.29,53.78,73.95,7.01,0
UNMSM_DEMO_0241,2022,Faculty_06,student,41.79,60.98,56.63,53.44,39.55,48.77,63.86,84.74,52.39,83.83,11.5,0
UNMSM_DEMO_0242,2024,Faculty_14,administrative,83.32,56.97,66.17,35.39,77.0,41.45,69.72,62.92,42.67,53.67,2.01,1
UNMSM_DEMO_0243,2022,Faculty_19,student,62.32,47.63,64.62,44.5,45.46,36.39,74.31,48.01,53.76,81.28,14.71,0
UNMSM_DEMO_0244,2025,Faculty_01,student,67.93,65.55,74.25,64.76,68.17,63.19,65.04,67.95,54.53,67.54,4.98,1
UNMSM_DEMO_0245,2025,Faculty_01,student,78.4,69.18,74.61,54.91,56.28,42.94,78.81,50.66,60.16,78.07,11.67,0
UNMSM_DEMO_0246,2022,Faculty_01,administrative,71.16,46.82,57.68,59.68,36.0,60.45,64.88,64.93,42.0,90.92,10.14,0
UNMSM_DEMO_0247,2025,Faculty_04,student,53.86,40.13,62.1,54.07,67.27,56.4,66.19,67.38,55.02,80.54,6.38,1
UNMSM_DEMO_0248,2024,Faculty_02,faculty,100.0,89.53,82.51,75.48,81.5,60.32,77.92,73.34,58.57,48.0,8.9,1
UNMSM_DEMO_0249,2025,Faculty_17,student,55.46,39.29,57.73,33.48,44.83,20.79,63.58,51.98,49.35,78.78,14.01,1
UNMSM_DEMO_0250,2022,Faculty_13,manager,75.05,63.69,60.12,61.42,56.12,83.03,61.72,78.14,49.03,91.19,10.24,1
UNMSM_DEMO_0251,2022,Faculty_20,student,89.14,50.11,79.46,76.53,63.97,69.55,79.17,57.6,58.23,74.93,9.68,1
UNMSM_DEMO_0252,2024,Faculty_17,student,57.05,43.69,59.53,37.31,33.39,38.87,64.38,50.28,59.15,87.62,11.29,0
UNMSM_DEMO_0253,2022,Faculty_20,administrative,86.53,77.22,66.21,73.89,90.58,64.02,70.01,72.1,70.14,50.42,5.38,1
UNMSM_DEMO_0254,2023,Faculty_05,administrative,69.66,76.26,80.33,64.78,67.37,56.34,71.79,69.84,72.71,65.52,4.98,1
UNMSM_DEMO_0255,2025,Faculty_06,student,85.31,63.0,94.35,82.29,73.66,48.62,80.58,71.11,81.73,59.29,8.01,1
UNMSM_DEMO_0256,2022,Faculty_17,student,64.15,71.85,67.27,47.31,63.3,62.0,63.45,63.31,51.26,79.03,6.25,0
UNMSM_DEMO_0257,2025,Faculty_05,faculty,66.51,51.98,76.39,63.2,66.9,41.28,69.53,67.01,70.82,97.83,11.75,0
UNMSM_DEMO_0258,2022,Faculty_02,administrative,51.17,46.07,56.88,60.02,53.7,61.93,54.8,62.06,40.03,77.74,9.16,0
UNMSM_DEMO_0259,2022,Faculty_14,student,65.73,74.28,46.56,53.66,37.44,51.5,80.07,70.94,60.97,93.95,12.68,0
UNMSM_DEMO_0260,2024,Faculty_17,student,82.26,75.13,59.01,67.31,64.56,54.54,78.43,71.67,58.1,47.43,11.04,1
UNMSM_DEMO_0261,2025,Faculty_20,faculty,60.51,57.29,69.43,54.7,48.31,49.12,69.13,68.17,48.74,73.93,9.9,0
UNMSM_DEMO_0262,2022,Faculty_19,faculty,37.29,44.33,44.47,37.42,44.15,14.02,63.43,42.84,48.81,101.11,11.14,0
UNMSM_DEMO_0263,2023,Faculty_03,administrative,77.41,78.78,59.69,69.61,63.59,58.92,55.95,75.49,69.71,72.45,8.74,1
UNMSM_DEMO_0264,2026,Faculty_16,faculty,62.24,86.87,75.73,70.44,56.68,59.34,51.18,75.19,70.42,18.55,11.15,1
UNMSM_DEMO_0265,2026,Faculty_17,student,81.5,61.38,79.43,67.55,66.43,67.62,72.5,71.44,65.78,74.66,5.14,1
UNMSM_DEMO_0266,2024,Faculty_14,administrative,71.12,66.03,56.63,50.95,47.26,38.71,57.72,72.3,57.51,104.29,10.46,1
UNMSM_DEMO_0267,2024,Faculty_17,administrative,73.21,57.19,56.52,41.34,49.89,62.07,66.28,61.02,58.71,58.27,10.59,1
UNMSM_DEMO_0268,2023,Faculty_17,administrative,47.9,37.85,65.73,63.22,20.71,51.74,64.31,70.58,54.2,111.04,15.71,1
UNMSM_DEMO_0269,2025,Faculty_09,student,63.86,51.76,48.01,44.67,51.53,57.09,69.88,72.25,55.47,47.23,10.67,1
UNMSM_DEMO_0270,2024,Faculty_01,student,43.2,42.7,56.11,28.26,36.9,35.07,51.47,63.28,46.87,103.9,17.44,0
UNMSM_DEMO_0271,2023,Faculty_10,faculty,66.75,70.77,58.27,68.92,75.07,65.52,69.31,63.73,65.76,61.38,7.19,1
UNMSM_DEMO_0272,2022,Faculty_05,student,64.89,66.24,62.16,51.9,56.24,34.98,66.95,50.26,43.49,47.89,8.75,1
UNMSM_DEMO_0273,2022,Faculty_03,manager,51.02,47.31,63.92,50.94,37.63,55.44,65.78,71.42,50.75,91.92,10.87,1
UNMSM_DEMO_0274,2026,Faculty_03,student,44.51,31.3,48.07,24.11,30.58,13.96,54.4,50.94,31.54,110.97,9.32,0
UNMSM_DEMO_0275,2024,Faculty_14,faculty,43.08,53.17,59.96,37.09,22.41,21.36,69.94,54.33,50.85,102.77,10.23,0
UNMSM_DEMO_0276,2024,Faculty_11,administrative,81.81,64.36,62.72,64.63,57.98,50.84,70.98,75.76,74.27,78.97,7.64,1
UNMSM_DEMO_0277,2024,Faculty_11,student,65.41,58.24,67.04,32.86,49.02,45.41,80.48,59.91,49.97,79.88,13.32,1
UNMSM_DEMO_0278,2025,Faculty_15,student,78.61,63.73,61.07,59.09,37.95,46.54,64.91,63.43,60.31,62.02,11.45,0
UNMSM_DEMO_0279,2022,Faculty_11,faculty,58.64,31.4,47.82,37.66,29.51,42.23,67.14,58.05,52.8,102.65,11.95,0
UNMSM_DEMO_0280,2022,Faculty_13,faculty,71.16,59.82,73.27,84.33,55.48,46.5,70.63,59.98,46.24,89.4,12.45,1
UNMSM_DEMO_0281,2023,Faculty_02,student,50.24,70.03,63.57,51.28,50.24,27.16,60.76,64.93,50.01,93.1,14.68,0
UNMSM_DEMO_0282,2024,Faculty_18,faculty,61.53,60.34,68.64,33.85,45.92,70.0,71.75,78.14,56.61,62.43,13.91,1
UNMSM_DEMO_0283,2025,Faculty_09,administrative,100.0,100.0,78.84,80.64,91.9,85.2,78.25,87.03,50.62,31.11,1.81,1
UNMSM_DEMO_0284,2024,Faculty_04,student,88.18,69.03,64.5,98.08,73.93,55.62,55.25,78.61,59.76,44.67,5.87,1
UNMSM_DEMO_0285,2024,Faculty_17,student,63.14,58.85,68.09,59.29,65.42,48.9,46.22,74.78,65.84,50.08,13.48,1
UNMSM_DEMO_0286,2026,Faculty_15,student,55.9,80.99,64.33,43.37,52.36,57.28,73.71,73.38,63.86,80.89,10.46,1
UNMSM_DEMO_0287,2022,Faculty_02,student,62.23,41.17,65.41,52.33,35.31,53.36,75.43,45.85,56.52,92.22,10.73,1
UNMSM_DEMO_0288,2024,Faculty_04,student,62.32,45.12,67.19,52.19,57.91,58.73,80.44,56.69,61.34,57.94,11.08,0
UNMSM_DEMO_0289,2024,Faculty_01,student,74.01,70.81,49.41,39.3,37.85,62.99,66.47,73.79,56.28,98.68,15.4,0
UNMSM_DEMO_0290,2024,Faculty_06,faculty,84.12,46.78,68.14,46.17,53.33,40.01,64.49,51.41,62.4,86.34,7.65,1
UNMSM_DEMO_0291,2026,Faculty_02,student,92.54,77.46,77.87,75.05,85.56,67.01,75.11,74.26,66.13,47.6,5.8,1
UNMSM_DEMO_0292,2023,Faculty_15,manager,66.29,50.0,62.55,32.02,76.68,50.66,67.4,65.98,53.16,67.75,9.97,1
UNMSM_DEMO_0293,2026,Faculty_11,student,95.65,88.68,82.87,71.8,83.05,72.0,72.96,91.6,66.14,32.97,1.58,1
UNMSM_DEMO_0294,2023,Faculty_20,student,49.61,48.4,76.12,53.1,49.23,48.62,77.18,61.56,64.22,75.66,9.29,0
UNMSM_DEMO_0295,2024,Faculty_15,faculty,82.6,75.05,71.18,69.56,70.88,70.65,89.46,70.59,77.0,63.72,3.88,1
UNMSM_DEMO_0296,2024,Faculty_13,administrative,61.54,67.07,63.18,61.88,60.98,55.95,69.48,68.77,68.65,73.02,5.92,1
UNMSM_DEMO_0297,2026,Faculty_11,student,71.98,62.55,77.63,56.45,76.72,50.1,72.16,72.39,57.51,68.24,4.44,1
UNMSM_DEMO_0298,2024,Faculty_02,student,71.08,44.75,46.65,53.17,43.99,53.57,56.1,58.37,44.71,85.44,13.33,1
UNMSM_DEMO_0299,2023,Faculty_02,student,54.94,44.99,55.79,30.77,51.85,32.72,73.48,65.56,58.52,80.62,9.42,1
UNMSM_DEMO_0300,2022,Faculty_13,student,68.55,45.31,76.64,71.48,47.19,54.2,71.59,60.1,64.08,79.61,7.5,1
UNMSM_DEMO_0301,2023,Faculty_01,student,72.39,62.66,64.98,45.72,74.7,58.64,67.54,69.55,59.8,79.51,7.39,1
UNMSM_DEMO_0302,2026,Faculty_01,student,71.1,64.59,71.92,47.52,66.45,56.34,74.1,73.39,53.67,70.43,4.22,1
UNMSM_DEMO_0303,2022,Faculty_05,student,52.28,38.14,21.68,40.02,31.14,15.83,50.31,44.21,45.46,96.68,16.34,1
UNMSM_DEMO_0304,2026,Faculty_18,student,55.42,46.68,55.41,59.68,38.85,48.2,63.73,66.79,43.31,81.48,15.24,1
UNMSM_DEMO_0305,2024,Faculty_10,manager,53.12,44.53,47.34,41.45,62.14,30.28,50.19,57.08,52.93,67.7,9.61,0
UNMSM_DEMO_0306,2022,Faculty_15,faculty,37.22,30.77,34.72,36.18,16.03,47.74,60.67,57.94,51.27,108.41,15.2,0
UNMSM_DEMO_0307,2023,Faculty_09,student,61.58,65.01,71.22,53.38,55.7,47.84,67.18,70.33,70.48,69.36,10.01,1
UNMSM_DEMO_0308,2024,Faculty_04,student,68.25,84.61,70.19,56.11,60.37,62.71,77.66,78.92,67.21,77.4,2.36,1
UNMSM_DEMO_0309,2023,Faculty_08,student,47.02,52.22,58.78,46.95,70.47,72.92,59.69,62.37,39.28,69.84,9.74,1
UNMSM_DEMO_0310,2022,Faculty_02,student,30.78,37.25,34.26,13.02,28.37,26.35,50.2,46.45,37.92,97.5,23.79,0
UNMSM_DEMO_0311,2025,Faculty_16,faculty,67.16,56.7,46.53,41.11,47.06,63.72,55.56,72.74,68.71,79.9,11.2,1
UNMSM_DEMO_0312,2025,Faculty_04,administrative,56.76,63.03,53.85,58.23,60.52,50.8,68.06,69.86,47.09,66.06,9.22,1
UNMSM_DEMO_0313,2022,Faculty_08,administrative,84.88,91.62,85.51,61.82,78.08,77.53,71.45,76.31,67.99,41.85,7.66,1
UNMSM_DEMO_0314,2023,Faculty_20,manager,45.94,47.52,28.4,39.17,26.37,38.2,50.71,55.5,54.2,100.3,20.05,0
UNMSM_DEMO_0315,2023,Faculty_12,manager,41.06,35.36,50.09,34.68,54.26,57.42,57.52,41.56,48.92,84.26,13.45,0
UNMSM_DEMO_0316,2025,Faculty_10,manager,82.15,82.6,77.26,77.73,83.46,61.52,75.85,72.96,87.77,64.86,0.2,1
UNMSM_DEMO_0317,2025,Faculty_11,student,77.66,77.83,85.24,56.06,65.22,45.68,63.55,81.64,58.81,63.73,8.55,1
UNMSM_DEMO_0318,2025,Faculty_16,student,78.86,64.42,77.49,76.26,63.86,50.61,72.51,69.61,56.33,88.55,15.27,1
UNMSM_DEMO_0319,2026,Faculty_06,student,64.15,74.1,64.02,62.5,66.23,54.24,72.61,71.77,68.73,63.39,10.1,1
UNMSM_DEMO_0320,2025,Faculty_13,faculty,74.23,57.4,80.21,71.99,63.81,52.87,70.78,48.36,53.48,56.4,3.9,1
UNMSM_DEMO_0321,2023,Faculty_18,student,80.51,49.92,60.83,53.0,61.76,67.59,69.35,63.04,55.65,60.86,9.79,1
UNMSM_DEMO_0322,2022,Faculty_12,administrative,56.5,48.32,59.8,41.66,30.43,58.26,65.11,66.11,50.59,72.04,8.63,0
UNMSM_DEMO_0323,2025,Faculty_09,faculty,78.77,52.22,61.17,55.85,87.05,50.05,69.63,67.1,65.9,76.55,9.84,1
UNMSM_DEMO_0324,2026,Faculty_03,student,51.78,46.87,65.3,38.76,30.6,30.2,56.65,66.98,55.54,109.93,9.2,1
UNMSM_DEMO_0325,2026,Faculty_05,student,70.91,79.15,67.3,58.99,68.97,39.49,69.41,69.28,64.63,74.53,7.92,1
UNMSM_DEMO_0326,2023,Faculty_19,student,68.89,39.69,52.85,46.71,49.8,76.12,72.87,61.55,48.59,70.18,8.25,1
UNMSM_DEMO_0327,2023,Faculty_11,student,57.17,38.04,53.0,33.07,62.34,49.19,55.31,48.92,57.49,99.18,7.79,0
UNMSM_DEMO_0328,2022,Faculty_07,administrative,64.76,44.45,60.29,35.62,37.77,57.05,63.78,61.19,83.27,86.1,16.08,1
UNMSM_DEMO_0329,2022,Faculty_09,faculty,53.58,48.14,47.94,19.75,31.82,31.03,50.88,48.41,51.0,94.33,13.45,0
UNMSM_DEMO_0330,2024,Faculty_12,faculty,59.69,44.63,58.34,31.65,29.4,41.27,71.14,46.97,50.38,113.17,11.0,0
UNMSM_DEMO_0331,2024,Faculty_11,student,62.51,69.46,54.57,56.39,52.96,54.07,63.86,60.18,45.47,84.68,6.92,1
UNMSM_DEMO_0332,2023,Faculty_14,student,56.03,55.5,56.15,23.87,21.54,38.18,57.09,72.5,43.89,128.6,8.08,0
UNMSM_DEMO_0333,2023,Faculty_06,student,73.84,65.18,67.39,41.87,49.93,67.06,71.15,69.24,56.0,85.05,6.04,0
UNMSM_DEMO_0334,2026,Faculty_13,faculty,51.76,52.96,57.1,63.26,21.37,65.93,53.63,67.15,48.63,87.67,13.99,0
UNMSM_DEMO_0335,2024,Faculty_09,administrative,60.08,70.05,65.44,55.47,65.9,48.7,58.98,65.71,56.87,62.55,11.11,1
UNMSM_DEMO_0336,2026,Faculty_19,student,70.17,42.57,58.73,48.21,39.14,28.94,57.35,45.05,67.72,64.26,9.9,0
UNMSM_DEMO_0337,2026,Faculty_04,administrative,67.26,65.91,67.86,58.19,36.27,36.68,61.29,73.42,68.29,82.16,15.97,1
UNMSM_DEMO_0338,2023,Faculty_03,student,41.79,39.63,73.43,51.75,54.82,63.42,72.36,49.7,49.89,90.64,6.68,1
UNMSM_DEMO_0339,2023,Faculty_10,administrative,73.19,78.61,80.88,51.35,53.84,76.72,68.16,75.02,52.98,84.73,7.7,1
UNMSM_DEMO_0340,2026,Faculty_11,student,82.14,78.16,79.76,59.32,73.06,53.81,78.81,74.75,75.98,65.23,3.14,1
UNMSM_DEMO_0341,2025,Faculty_14,student,64.22,60.99,91.39,37.49,46.54,50.28,67.23,73.9,58.32,73.09,11.46,1
UNMSM_DEMO_0342,2023,Faculty_09,administrative,64.89,60.23,69.63,81.95,75.1,48.01,73.8,62.3,46.93,60.93,13.16,1
UNMSM_DEMO_0343,2025,Faculty_19,student,54.92,43.93,50.9,16.87,37.85,40.72,54.39,45.28,51.35,107.12,6.99,0
UNMSM_DEMO_0344,2024,Faculty_10,student,57.1,29.95,68.95,43.05,42.35,47.39,66.43,53.38,58.92,91.11,9.48,0
UNMSM_DEMO_0345,2026,Faculty_03,student,89.58,86.0,76.9,69.57,75.88,69.11,77.37,73.72,48.65,62.88,10.06,1
UNMSM_DEMO_0346,2023,Faculty_03,student,66.28,57.19,57.7,38.49,59.38,60.02,82.55,60.57,46.75,68.15,5.09,1
UNMSM_DEMO_0347,2026,Faculty_20,faculty,75.94,63.17,64.06,72.27,58.0,50.61,74.77,74.25,60.11,80.44,10.84,1
UNMSM_DEMO_0348,2026,Faculty_03,administrative,82.55,75.55,78.76,88.25,65.26,54.9,71.29,65.89,74.11,24.46,10.97,1
UNMSM_DEMO_0349,2022,Faculty_19,administrative,78.04,63.21,64.49,55.09,73.64,61.07,75.83,71.23,55.25,70.32,7.62,1
UNMSM_DEMO_0350,2022,Faculty_06,student,37.62,23.62,41.27,14.82,13.8,40.77,69.58,51.86,31.03,139.55,17.24,0
UNMSM_DEMO_0351,2024,Faculty_02,student,49.73,40.76,57.65,13.13,33.13,53.29,50.2,67.25,50.29,80.39,17.6,1
UNMSM_DEMO_0352,2022,Faculty_07,student,60.45,57.78,67.66,49.87,61.23,60.54,60.91,67.28,51.33,70.96,14.37,1
UNMSM_DEMO_0353,2023,Faculty_13,student,54.92,51.0,52.61,40.97,50.61,53.69,60.29,67.88,54.08,81.83,10.56,0
UNMSM_DEMO_0354,2024,Faculty_09,student,82.6,73.74,68.78,61.92,69.3,62.92,70.34,71.9,54.27,60.85,5.97,1
UNMSM_DEMO_0355,2026,Faculty_16,administrative,69.94,70.24,75.38,56.75,52.72,41.06,68.84,73.24,50.08,89.25,6.16,1
UNMSM_DEMO_0356,2026,Faculty_13,administrative,54.97,32.79,57.55,40.67,15.72,39.85,53.92,45.82,54.08,106.85,17.17,0
UNMSM_DEMO_0357,2022,Faculty_09,administrative,49.22,44.08,32.13,39.28,19.9,41.2,65.68,36.04,46.17,101.06,11.45,0
UNMSM_DEMO_0358,2026,Faculty_13,student,39.36,48.4,40.43,24.59,27.76,8.85,44.96,55.13,49.68,108.15,13.36,0
UNMSM_DEMO_0359,2022,Faculty_20,student,50.72,35.31,57.38,36.41,43.44,46.05,60.42,60.94,43.02,87.21,11.51,1
UNMSM_DEMO_0360,2025,Faculty_09,student,67.28,60.91,70.81,60.59,55.38,49.2,76.74,71.32,52.6,112.56,7.44,1
UNMSM_DEMO_0361,2026,Faculty_04,student,66.68,52.9,72.37,53.46,65.91,42.14,69.38,61.4,68.06,72.2,8.52,1
UNMSM_DEMO_0362,2026,Faculty_09,student,86.49,70.08,80.27,78.75,60.96,79.09,70.02,87.27,54.91,69.12,15.37,1
UNMSM_DEMO_0363,2023,Faculty_17,student,95.03,59.94,76.55,73.08,63.98,69.26,69.01,68.66,76.46,46.01,7.24,1
UNMSM_DEMO_0364,2026,Faculty_05,student,65.77,59.6,67.04,41.91,59.86,65.4,66.55,72.26,66.03,70.08,7.42,1
UNMSM_DEMO_0365,2022,Faculty_19,manager,37.76,52.07,32.72,12.18,12.5,33.55,47.47,59.8,46.1,123.85,19.38,1
UNMSM_DEMO_0366,2024,Faculty_12,student,81.96,52.53,66.2,53.23,77.77,59.07,73.95,78.31,53.35,47.89,7.53,1
UNMSM_DEMO_0367,2024,Faculty_13,manager,73.45,52.86,68.17,49.55,71.21,47.25,60.75,62.77,50.48,42.55,11.71,0
UNMSM_DEMO_0368,2023,Faculty_07,student,85.42,47.07,62.97,62.96,58.21,55.23,78.46,59.02,57.75,72.63,9.68,1
UNMSM_DEMO_0369,2022,Faculty_19,faculty,68.75,82.09,49.86,64.31,80.5,61.96,66.03,60.94,48.36,76.1,6.91,1
UNMSM_DEMO_0370,2025,Faculty_01,student,57.61,44.73,51.44,54.18,25.37,25.31,63.78,67.03,43.42,93.01,8.26,0
UNMSM_DEMO_0371,2023,Faculty_06,student,80.71,76.83,79.08,78.06,77.03,66.15,85.09,79.43,72.44,54.09,1.13,1
UNMSM_DEMO_0372,2025,Faculty_09,student,54.67,47.38,54.33,47.53,48.56,38.85,59.2,62.66,55.87,59.11,5.35,1
UNMSM_DEMO_0373,2024,Faculty_10,student,76.98,57.05,67.52,74.24,53.68,64.04,66.33,90.33,52.91,77.34,10.51,1
UNMSM_DEMO_0374,2023,Faculty_10,administrative,49.52,37.78,49.71,38.14,32.37,40.2,55.97,58.45,51.82,100.6,8.87,0
UNMSM_DEMO_0375,2026,Faculty_03,student,63.39,78.28,49.92,48.45,35.73,36.3,62.38,57.45,58.41,66.85,16.34,0
UNMSM_DEMO_0376,2022,Faculty_05,faculty,88.27,84.08,56.99,81.48,75.31,72.32,71.62,73.58,77.95,71.82,7.82,1
UNMSM_DEMO_0377,2025,Faculty_02,student,65.11,49.86,60.02,54.28,65.24,47.39,60.62,55.75,59.12,79.73,7.89,1
UNMSM_DEMO_0378,2025,Faculty_12,student,76.42,75.87,79.94,62.2,70.91,28.83,59.82,68.03,72.8,79.04,4.07,1
UNMSM_DEMO_0379,2023,Faculty_08,student,87.48,51.05,77.82,46.23,33.7,49.04,72.69,63.89,64.29,96.91,12.71,1
UNMSM_DEMO_0380,2023,Faculty_12,student,64.89,38.19,66.59,57.88,39.0,62.82,70.34,58.94,62.52,91.92,8.63,1
UNMSM_DEMO_0381,2022,Faculty_12,manager,70.61,78.83,57.06,77.37,71.94,47.14,68.28,60.01,51.37,67.34,5.14,1
UNMSM_DEMO_0382,2026,Faculty_15,administrative,63.61,72.23,63.78,54.89,57.16,50.87,75.24,81.04,56.48,85.26,12.81,1
UNMSM_DEMO_0383,2026,Faculty_11,faculty,43.09,55.65,54.28,51.49,7.22,51.63,72.7,65.72,49.22,81.33,16.47,0
UNMSM_DEMO_0384,2023,Faculty_13,student,60.85,44.27,54.87,23.46,54.23,35.6,69.43,56.69,46.22,66.3,9.49,1
UNMSM_DEMO_0385,2022,Faculty_12,student,63.7,58.84,67.81,55.51,56.67,57.54,77.43,73.38,60.28,66.12,10.94,0
UNMSM_DEMO_0386,2022,Faculty_14,administrative,65.77,66.45,53.31,53.95,44.13,41.61,70.51,68.14,60.39,80.68,11.44,1
UNMSM_DEMO_0387,2022,Faculty_13,student,40.69,43.24,44.48,25.49,38.57,54.23,68.15,60.64,45.84,97.07,13.79,0
UNMSM_DEMO_0388,2026,Faculty_07,student,69.16,51.82,65.26,73.87,43.13,43.84,81.68,68.42,57.54,81.71,8.24,1
UNMSM_DEMO_0389,2026,Faculty_05,student,58.25,40.99,70.2,50.94,44.86,46.7,73.41,63.05,47.25,95.99,16.36,0
UNMSM_DEMO_0390,2022,Faculty_16,administrative,47.01,52.48,47.46,41.9,47.19,63.24,63.55,67.84,56.57,97.35,9.75,1
UNMSM_DEMO_0391,2025,Faculty_07,faculty,54.28,58.03,50.01,41.12,58.7,45.52,59.77,67.77,52.65,66.96,14.71,1
UNMSM_DEMO_0392,2022,Faculty_11,faculty,57.27,36.74,28.01,23.06,57.69,36.08,56.91,52.07,33.77,85.37,11.13,0
UNMSM_DEMO_0393,2023,Faculty_04,administrative,56.92,56.1,48.35,36.39,45.48,37.59,59.21,58.91,47.68,75.71,14.03,0
UNMSM_DEMO_0394,2024,Faculty_09,student,68.78,70.03,65.22,72.32,69.12,65.16,72.96,82.44,46.83,61.65,10.03,1
UNMSM_DEMO_0395,2025,Faculty_11,administrative,84.13,76.59,63.61,58.61,76.23,53.23,67.51,68.04,62.52,67.28,10.6,1
UNMSM_DEMO_0396,2026,Faculty_13,student,64.3,70.26,68.18,48.11,44.28,27.25,66.67,69.43,55.87,42.72,7.84,1
UNMSM_DEMO_0397,2022,Faculty_11,faculty,51.12,44.13,53.97,58.78,49.99,47.49,44.7,62.73,46.02,106.75,13.95,0
UNMSM_DEMO_0398,2022,Faculty_08,student,54.13,40.23,38.93,64.94,41.74,37.12,70.78,49.95,61.4,87.6,18.22,0
UNMSM_DEMO_0399,2023,Faculty_20,manager,63.61,43.5,55.09,48.19,43.89,61.61,63.39,56.35,42.52,76.67,10.54,1
UNMSM_DEMO_0400,2023,Faculty_11,student,54.31,54.42,41.82,34.83,33.59,42.48,62.6,56.95,52.92,115.95,13.48,1
UNMSM_DEMO_0401,2026,Faculty_17,student,65.56,48.18,63.91,45.26,53.29,32.64,77.62,57.24,71.42,75.21,8.09,1
UNMSM_DEMO_0402,2025,Faculty_15,student,71.36,47.71,48.25,40.98,50.05,37.97,67.7,48.02,60.21,83.82,10.08,0
UNMSM_DEMO_0403,2023,Faculty_12,student,71.54,27.15,50.3,29.25,2.07,19.58,76.21,45.77,47.17,105.7,21.39,0
UNMSM_DEMO_0404,2026,Faculty_18,student,60.27,82.15,66.91,49.34,64.07,41.53,57.9,73.65,49.16,92.25,5.26,0
UNMSM_DEMO_0405,2024,Faculty_03,faculty,68.85,74.55,72.3,55.85,70.55,70.48,86.96,84.02,49.78,65.98,4.35,1
UNMSM_DEMO_0406,2024,Faculty_19,student,42.03,50.83,49.84,26.19,38.27,60.68,65.34,66.67,41.39,94.2,17.13,0
UNMSM_DEMO_0407,2024,Faculty_18,administrative,59.49,68.93,60.93,38.64,53.2,60.24,66.53,51.64,48.28,95.53,11.76,1
UNMSM_DEMO_0408,2022,Faculty_11,student,48.74,58.57,42.19,49.77,63.2,48.79,67.91,66.06,42.87,79.82,16.46,1
UNMSM_DEMO_0409,2026,Faculty_15,faculty,73.7,63.97,57.78,64.1,67.86,50.66,60.17,62.52,56.13,66.0,7.14,0
UNMSM_DEMO_0410,2022,Faculty_11,student,50.11,53.23,52.63,66.87,52.65,41.35,58.59,64.27,51.68,87.65,10.9,0
UNMSM_DEMO_0411,2022,Faculty_06,faculty,45.24,36.19,44.84,27.33,40.59,60.12,67.64,57.66,47.02,121.3,10.41,0
UNMSM_DEMO_0412,2023,Faculty_16,faculty,48.26,70.72,43.66,41.07,38.58,37.3,45.05,62.07,39.38,92.32,13.13,0
UNMSM_DEMO_0413,2023,Faculty_05,student,67.2,62.85,66.39,55.45,41.5,75.57,72.35,70.87,52.4,84.71,5.46,1
UNMSM_DEMO_0414,2022,Faculty_07,manager,76.41,60.65,64.75,58.78,34.55,77.62,74.36,70.81,57.72,88.35,13.72,1
UNMSM_DEMO_0415,2022,Faculty_11,student,38.25,37.51,29.39,33.09,13.97,10.71,65.96,57.02,38.25,119.77,17.38,0
UNMSM_DEMO_0416,2025,Faculty_17,student,70.16,54.35,66.11,67.56,69.86,48.13,58.11,64.98,73.49,57.5,7.51,1
UNMSM_DEMO_0417,2026,Faculty_08,faculty,100.0,89.94,80.74,74.36,71.58,56.54,92.03,86.51,73.78,58.7,5.3,1
UNMSM_DEMO_0418,2022,Faculty_10,administrative,60.04,46.86,59.55,45.76,54.82,49.59,60.99,68.58,39.24,59.96,7.12,1
UNMSM_DEMO_0419,2023,Faculty_01,student,54.7,67.51,82.36,54.48,59.79,56.84,65.31,77.9,61.88,59.29,9.84,0
UNMSM_DEMO_0420,2024,Faculty_03,student,49.54,62.63,50.65,32.59,59.03,77.93,51.46,56.22,53.32,73.17,6.45,1
UNMSM_DEMO_0421,2026,Faculty_02,administrative,56.64,65.65,66.26,48.63,55.2,38.96,57.82,74.64,54.12,76.81,10.83,1
UNMSM_DEMO_0422,2025,Faculty_02,faculty,49.69,45.74,54.75,31.95,41.07,38.31,63.78,55.84,37.29,110.65,17.87,1
UNMSM_DEMO_0423,2025,Faculty_18,manager,39.89,37.66,44.19,18.97,32.09,35.34,48.11,59.32,54.85,104.04,17.83,0
UNMSM_DEMO_0424,2024,Faculty_17,student,73.57,67.86,66.98,68.77,82.77,61.41,75.52,64.12,53.07,46.34,1.69,1
UNMSM_DEMO_0425,2024,Faculty_17,faculty,70.27,43.38,40.19,55.13,22.42,43.36,58.88,47.96,56.48,85.15,13.11,0
UNMSM_DEMO_0426,2022,Faculty_02,student,58.93,45.95,49.3,35.91,37.04,35.95,53.85,71.49,50.08,107.15,13.74,0
UNMSM_DEMO_0427,2026,Faculty_02,administrative,61.17,63.93,45.86,45.58,51.31,39.31,58.52,55.63,56.66,93.9,10.93,0
UNMSM_DEMO_0428,2026,Faculty_06,student,47.63,47.81,39.77,32.15,58.68,43.53,59.44,65.42,58.58,80.03,6.56,0
UNMSM_DEMO_0429,2022,Faculty_12,faculty,49.92,45.4,49.27,45.04,48.38,53.87,57.88,61.02,52.54,76.82,12.38,1
UNMSM_DEMO_0430,2025,Faculty_07,student,60.54,48.54,49.51,41.07,44.3,50.98,63.08,57.71,45.43,98.87,11.63,1
UNMSM_DEMO_0431,2022,Faculty_10,faculty,65.92,69.78,66.66,60.18,61.24,71.32,73.0,72.56,67.52,59.35,14.34,1
UNMSM_DEMO_0432,2025,Faculty_04,faculty,59.58,72.28,74.98,54.19,72.44,66.83,75.76,65.43,53.84,71.32,6.02,1
UNMSM_DEMO_0433,2026,Faculty_15,student,74.41,71.81,62.75,71.65,60.21,55.99,67.47,70.24,62.68,96.24,12.49,1
UNMSM_DEMO_0434,2022,Faculty_07,administrative,62.98,54.81,57.81,50.17,54.74,41.5,58.04,55.01,43.61,79.82,6.13,1
UNMSM_DEMO_0435,2024,Faculty_02,student,83.21,80.51,60.48,64.86,87.5,61.18,72.14,70.24,54.93,46.35,3.06,1
UNMSM_DEMO_0436,2022,Faculty_15,faculty,40.68,37.89,43.94,25.72,54.92,38.91,59.35,61.33,42.44,88.29,13.05,0
UNMSM_DEMO_0437,2024,Faculty_19,student,61.02,55.85,66.1,55.93,61.45,54.23,56.4,68.21,58.55,66.58,11.86,1
UNMSM_DEMO_0438,2026,Faculty_01,student,84.18,84.02,85.62,79.41,75.21,58.07,71.17,68.15,56.35,42.05,2.86,1
UNMSM_DEMO_0439,2022,Faculty_09,student,75.9,76.39,62.96,66.64,63.84,54.35,65.07,77.33,65.74,76.64,8.64,1
UNMSM_DEMO_0440,2023,Faculty_17,student,50.78,32.96,57.17,58.75,38.65,24.71,60.34,53.99,43.52,97.47,7.6,1
UNMSM_DEMO_0441,2026,Faculty_15,student,76.9,51.32,51.55,68.86,54.67,30.71,62.54,54.98,67.46,68.99,9.83,1
UNMSM_DEMO_0442,2023,Faculty_18,faculty,76.94,71.67,61.49,63.86,70.74,63.0,75.02,76.33,57.87,60.6,10.42,1
UNMSM_DEMO_0443,2022,Faculty_09,faculty,62.45,77.34,68.96,52.41,42.97,40.91,56.42,69.64,49.61,71.73,9.14,1
UNMSM_DEMO_0444,2024,Faculty_08,faculty,71.84,41.8,79.8,60.84,70.81,42.95,61.61,55.53,59.74,64.05,5.88,0
UNMSM_DEMO_0445,2024,Faculty_15,student,68.27,59.61,65.48,43.23,38.63,45.49,66.19,78.95,48.47,81.2,7.78,1
UNMSM_DEMO_0446,2025,Faculty_04,student,60.92,43.4,61.68,63.44,47.26,33.47,64.4,58.95,64.63,66.02,8.54,0
UNMSM_DEMO_0447,2023,Faculty_05,student,72.78,53.54,43.34,58.79,55.82,59.06,54.73,61.41,53.73,97.31,16.1,0
UNMSM_DEMO_0448,2026,Faculty_13,administrative,76.81,56.83,47.53,57.79,78.62,57.62,62.71,60.66,54.61,67.91,8.24,1
UNMSM_DEMO_0449,2024,Faculty_14,administrative,75.82,54.37,63.78,60.4,48.8,45.53,67.45,72.53,63.24,84.93,7.16,1
UNMSM_DEMO_0450,2023,Faculty_03,student,78.17,52.45,57.98,70.09,44.7,47.98,66.89,59.28,50.79,88.49,10.08,1
UNMSM_DEMO_0451,2026,Faculty_11,faculty,56.93,56.29,51.94,52.25,45.13,51.13,63.43,52.44,41.98,91.37,6.61,0
UNMSM_DEMO_0452,2026,Faculty_08,student,78.5,62.97,73.38,62.72,85.17,49.47,68.49,64.35,65.46,52.52,2.45,1
UNMSM_DEMO_0453,2024,Faculty_11,student,100.0,73.52,90.26,100.0,60.95,72.53,93.2,88.07,65.82,64.75,11.06,0
UNMSM_DEMO_0454,2022,Faculty_20,student,37.89,45.03,50.51,40.13,13.87,47.39,60.14,65.19,36.5,99.11,14.51,1
UNMSM_DEMO_0455,2024,Faculty_02,student,64.69,69.77,67.15,54.35,88.26,64.97,62.24,70.23,64.63,63.13,11.26,1
UNMSM_DEMO_0456,2024,Faculty_20,faculty,44.99,59.83,67.21,45.69,50.62,51.02,63.05,76.86,56.37,84.84,9.44,0
UNMSM_DEMO_0457,2022,Faculty_09,administrative,67.67,45.37,63.27,58.31,43.34,67.96,68.73,70.33,45.39,76.99,10.7,1
UNMSM_DEMO_0458,2025,Faculty_16,student,63.41,64.45,64.88,60.13,57.14,30.72,75.53,63.12,52.49,57.59,11.1,1
UNMSM_DEMO_0459,2026,Faculty_09,student,81.83,77.38,84.44,52.81,70.65,74.51,72.29,77.79,57.99,69.7,0.2,1
UNMSM_DEMO_0460,2022,Faculty_07,faculty,67.75,56.44,59.77,47.51,72.59,68.07,72.49,69.71,69.09,65.75,8.45,1
UNMSM_DEMO_0461,2025,Faculty_16,manager,62.51,63.02,92.56,49.24,79.74,65.04,73.16,69.46,67.97,41.15,4.6,1
UNMSM_DEMO_0462,2022,Faculty_14,faculty,75.46,65.16,71.57,52.81,66.99,67.58,82.31,72.07,56.46,76.05,12.08,1
UNMSM_DEMO_0463,2025,Faculty_03,student,42.08,55.98,47.83,23.77,20.59,29.1,66.34,61.2,49.26,114.32,17.28,1
UNMSM_DEMO_0464,2024,Faculty_15,faculty,89.72,94.15,82.04,77.84,83.33,64.88,79.55,69.75,60.58,85.05,1.69,1
UNMSM_DEMO_0465,2022,Faculty_16,student,81.99,42.11,78.27,52.44,45.2,59.79,73.34,64.67,53.89,77.34,13.28,0
UNMSM_DEMO_0466,2026,Faculty_08,manager,87.15,98.72,84.83,71.82,62.65,59.35,81.61,80.4,71.81,61.13,6.38,1
UNMSM_DEMO_0467,2022,Faculty_19,student,49.24,33.65,32.58,24.34,12.78,49.35,54.69,60.2,44.54,93.57,13.6,0
UNMSM_DEMO_0468,2024,Faculty_13,faculty,47.41,60.5,68.15,40.25,25.98,26.24,75.03,50.99,51.18,98.15,12.96,1
UNMSM_DEMO_0469,2022,Faculty_07,student,51.46,66.16,56.25,57.48,40.04,47.5,62.33,63.57,55.67,86.04,11.05,1
UNMSM_DEMO_0470,2026,Faculty_01,student,84.46,52.87,68.81,63.76,46.82,74.32,70.95,65.81,61.43,68.57,14.65,1
UNMSM_DEMO_0471,2025,Faculty_14,administrative,65.01,68.76,56.53,51.87,64.13,47.94,62.42,73.79,54.5,69.66,10.01,1
UNMSM_DEMO_0472,2026,Faculty_05,faculty,76.66,72.77,82.5,71.55,60.91,60.22,66.12,74.88,63.08,44.87,8.14,1
UNMSM_DEMO_0473,2024,Faculty_16,student,44.5,46.89,41.25,56.57,0.0,24.64,60.43,67.18,43.6,116.97,19.81,0
UNMSM_DEMO_0474,2024,Faculty_11,administrative,76.96,71.04,72.67,64.54,55.18,65.43,66.8,78.17,64.37,64.27,12.12,1
UNMSM_DEMO_0475,2025,Faculty_10,administrative,61.88,73.05,63.02,49.16,51.92,43.98,73.88,66.05,59.68,78.74,12.23,1
UNMSM_DEMO_0476,2025,Faculty_04,student,64.11,59.72,80.99,52.02,47.69,47.92,61.72,71.19,60.16,63.64,13.34,1
UNMSM_DEMO_0477,2026,Faculty_15,student,64.18,46.61,72.6,42.74,57.59,46.63,69.83,61.62,45.09,70.65,10.41,1
UNMSM_DEMO_0478,2022,Faculty_04,student,59.59,70.99,62.95,54.02,47.79,49.34,73.58,75.17,48.44,76.85,10.84,1
UNMSM_DEMO_0479,2025,Faculty_09,faculty,28.88,42.66,44.35,29.13,35.31,36.53,37.78,46.54,44.0,93.16,16.73,0
UNMSM_DEMO_0480,2022,Faculty_17,student,75.32,68.8,60.47,42.7,56.22,67.53,83.52,65.03,68.95,84.16,9.31,0
UNMSM_DEMO_0481,2023,Faculty_19,student,49.03,35.43,57.03,25.96,31.14,48.68,58.3,61.46,46.73,113.65,12.68,0
UNMSM_DEMO_0482,2026,Faculty_20,administrative,67.68,53.08,65.52,57.09,51.51,54.08,69.35,74.13,53.07,86.19,14.91,1
UNMSM_DEMO_0483,2023,Faculty_20,administrative,48.91,50.13,55.64,49.04,48.8,86.46,64.94,52.22,51.67,92.44,15.6,0
UNMSM_DEMO_0484,2025,Faculty_12,administrative,77.08,66.49,84.83,63.2,63.79,75.3,80.33,85.83,55.04,86.47,7.02,1
UNMSM_DEMO_0485,2024,Faculty_05,manager,63.42,65.08,56.55,50.26,53.55,53.79,67.11,65.97,65.4,84.82,8.79,0
UNMSM_DEMO_0486,2023,Faculty_17,faculty,64.0,59.82,53.91,44.97,39.38,35.42,71.76,49.06,54.39,86.66,16.28,0
UNMSM_DEMO_0487,2023,Faculty_17,faculty,48.63,50.38,41.71,55.32,34.02,45.87,61.43,37.81,42.94,99.57,15.74,1
UNMSM_DEMO_0488,2024,Faculty_20,faculty,80.6,86.04,80.79,67.01,81.46,80.42,87.67,70.75,65.63,71.32,6.33,1
UNMSM_DEMO_0489,2025,Faculty_14,student,80.84,80.05,87.79,65.89,68.67,76.17,80.61,80.46,63.16,73.54,5.34,0
UNMSM_DEMO_0490,2025,Faculty_03,student,45.32,59.58,68.52,46.34,47.06,64.41,76.52,68.99,62.92,65.08,11.02,1
UNMSM_DEMO_0491,2026,Faculty_11,student,77.43,52.42,79.03,61.12,58.53,58.27,80.37,73.13,59.59,62.43,7.96,1
UNMSM_DEMO_0492,2026,Faculty_09,faculty,43.73,63.08,46.28,44.52,38.7,22.52,44.79,55.82,49.81,84.28,10.51,1
UNMSM_DEMO_0493,2025,Faculty_17,student,76.32,64.27,71.12,68.93,52.51,61.24,90.29,63.01,66.61,83.24,9.63,0
UNMSM_DEMO_0494,2025,Faculty_08,student,49.86,44.66,41.17,43.78,34.9,20.75,54.0,50.51,40.39,89.61,14.08,0
UNMSM_DEMO_0495,2023,Faculty_07,faculty,80.7,61.12,65.22,66.16,53.94,43.16,82.41,66.25,62.68,87.43,8.38,1
UNMSM_DEMO_0496,2024,Faculty_02,student,71.95,51.39,71.11,54.43,45.28,55.92,70.98,68.1,59.84,97.27,12.75,1
UNMSM_DEMO_0497,2022,Faculty_17,student,69.63,64.18,80.4,78.71,61.18,81.62,79.61,70.13,51.13,81.06,11.51,1
UNMSM_DEMO_0498,2023,Faculty_16,administrative,43.52,52.33,37.89,50.53,32.75,50.94,50.7,65.66,48.31,103.82,16.65,0
UNMSM_DEMO_0499,2026,Faculty_01,administrative,71.87,54.14,55.24,50.35,64.9,56.44,71.66,59.78,54.6,59.27,8.17,1
UNMSM_DEMO_0500,2024,Faculty_09,student,86.02,100.0,66.75,67.5,69.74,75.83,72.0,75.64,68.15,70.56,9.92,1
UNMSM_DEMO_0501,2022,Faculty_10,student,78.12,56.05,73.15,64.92,91.22,53.08,84.02,63.93,61.69,46.31,5.08,1
UNMSM_DEMO_0502,2025,Faculty_10,student,66.96,41.46,77.81,52.49,57.69,43.88,73.94,70.86,58.93,55.36,4.5,1
UNMSM_DEMO_0503,2026,Faculty_19,administrative,79.56,70.34,82.28,52.22,77.26,37.66,81.93,70.17,73.85,61.0,7.76,1
UNMSM_DEMO_0504,2026,Faculty_04,administrative,70.31,78.31,50.95,57.27,68.77,29.98,50.75,60.97,48.26,83.75,9.31,1
UNMSM_DEMO_0505,2023,Faculty_07,student,51.61,60.47,75.83,54.16,75.05,62.97,65.53,77.42,53.03,70.71,14.22,1
UNMSM_DEMO_0506,2024,Faculty_04,administrative,53.97,57.74,65.14,24.16,36.26,36.73,67.32,79.13,55.4,118.23,15.82,1
UNMSM_DEMO_0507,2024,Faculty_05,student,68.26,39.67,48.29,50.82,24.67,60.7,66.3,60.94,54.91,95.85,16.04,0
UNMSM_DEMO_0508,2023,Faculty_19,student,35.1,34.24,43.39,32.85,25.32,48.21,61.1,63.79,45.0,127.24,14.93,0
UNMSM_DEMO_0509,2023,Faculty_19,manager,69.67,47.62,71.58,51.88,58.9,46.54,67.69,71.4,78.75,76.77,9.0,1
UNMSM_DEMO_0510,2023,Faculty_01,student,75.67,42.55,69.5,71.11,58.52,62.99,71.82,60.6,64.41,70.31,5.69,1
UNMSM_DEMO_0511,2026,Faculty_13,student,70.29,61.9,54.17,43.34,60.07,42.45,74.87,64.1,63.75,60.77,4.38,1
UNMSM_DEMO_0512,2025,Faculty_05,student,25.11,22.42,56.46,29.99,50.53,15.54,38.5,40.7,37.86,98.04,7.87,0
UNMSM_DEMO_0513,2026,Faculty_04,faculty,73.64,59.66,57.66,42.75,77.05,63.24,72.43,65.69,47.46,60.91,7.34,1
UNMSM_DEMO_0514,2026,Faculty_06,administrative,91.46,61.27,69.28,57.2,73.53,50.47,73.51,63.59,60.48,57.5,0.75,1
UNMSM_DEMO_0515,2026,Faculty_04,manager,58.92,47.43,71.71,46.06,40.23,39.9,60.89,60.31,59.72,101.74,8.92,1
UNMSM_DEMO_0516,2022,Faculty_10,student,40.76,56.16,55.64,41.81,32.3,70.92,61.01,61.68,51.63,105.68,11.81,0
UNMSM_DEMO_0517,2026,Faculty_20,student,63.87,51.05,50.0,52.57,58.25,20.21,72.48,54.81,55.71,88.41,9.45,1
UNMSM_DEMO_0518,2022,Faculty_12,administrative,47.8,53.68,56.78,47.33,35.78,45.96,68.15,66.47,48.63,84.14,10.1,1
UNMSM_DEMO_0519,2024,Faculty_15,student,68.39,61.15,66.93,48.86,40.15,35.68,67.93,64.41,53.89,85.09,9.87,0
UNMSM_DEMO_0520,2024,Faculty_10,administrative,82.96,82.69,85.85,63.81,63.13,74.28,83.24,67.59,65.69,68.61,12.22,1
UNMSM_DEMO_0521,2023,Faculty_01,faculty,58.99,50.59,62.61,55.23,35.55,48.89,71.37,58.29,59.62,96.03,13.69,1
UNMSM_DEMO_0522,2022,Faculty_02,student,70.59,64.44,73.49,56.84,48.52,62.57,70.32,60.85,66.66,97.74,7.84,1
UNMSM_DEMO_0523,2022,Faculty_06,administrative,59.12,54.73,59.75,35.9,26.89,36.22,59.85,63.87,43.35,100.66,12.65,0
UNMSM_DEMO_0524,2026,Faculty_05,student,93.19,66.9,72.62,43.56,46.72,46.06,72.62,73.02,68.43,107.11,9.69,1
UNMSM_DEMO_0525,2023,Faculty_17,student,69.07,51.61,60.03,46.03,47.02,60.79,73.41,66.86,49.19,93.4,8.32,1
UNMSM_DEMO_0526,2023,Faculty_17,faculty,60.83,62.41,66.22,69.15,55.83,80.21,66.31,66.61,62.09,69.19,6.92,1
UNMSM_DEMO_0527,2026,Faculty_18,student,69.16,49.48,52.28,74.88,65.23,51.94,58.54,63.33,54.86,75.35,12.2,1
UNMSM_DEMO_0528,2022,Faculty_13,faculty,50.26,43.49,35.25,33.32,30.78,26.4,45.03,49.46,56.47,115.21,12.89,0
UNMSM_DEMO_0529,2026,Faculty_12,faculty,65.04,48.24,53.02,35.15,44.95,41.91,70.7,51.95,47.33,110.47,8.06,0
UNMSM_DEMO_0530,2026,Faculty_13,manager,62.2,51.05,65.39,40.3,44.91,73.38,62.97,73.06,54.59,99.47,10.35,1
UNMSM_DEMO_0531,2024,Faculty_09,manager,60.33,39.89,64.73,45.78,36.43,40.64,68.45,65.54,56.86,88.83,11.82,0
UNMSM_DEMO_0532,2022,Faculty_14,student,72.34,47.0,61.32,36.87,57.3,72.18,77.42,72.42,46.71,76.67,3.49,1
UNMSM_DEMO_0533,2022,Faculty_16,student,74.99,60.13,62.84,50.38,49.82,39.2,60.66,60.42,56.86,86.92,10.0,1
UNMSM_DEMO_0534,2023,Faculty_16,faculty,85.5,81.53,91.59,86.3,80.84,75.28,78.77,89.88,69.46,74.05,7.3,1
UNMSM_DEMO_0535,2024,Faculty_13,manager,41.09,32.99,45.28,39.25,43.28,41.44,55.27,50.72,39.37,91.59,13.42,0
UNMSM_DEMO_0536,2022,Faculty_02,student,59.99,65.12,65.18,50.04,50.74,58.41,68.8,73.96,51.86,85.04,16.55,1
UNMSM_DEMO_0537,2024,Faculty_15,student,48.54,42.12,50.66,47.24,48.06,32.29,68.41,52.77,56.69,82.37,14.92,1
UNMSM_DEMO_0538,2022,Faculty_08,student,46.96,36.0,65.46,46.28,36.2,38.16,53.24,56.97,44.34,84.59,15.78,0
UNMSM_DEMO_0539,2024,Faculty_15,student,45.6,70.63,70.0,47.77,35.9,64.29,67.15,55.76,58.35,86.37,19.55,1
UNMSM_DEMO_0540,2022,Faculty_11,faculty,28.62,26.38,26.36,42.93,20.72,41.85,56.03,46.56,39.99,99.5,18.15,0
UNMSM_DEMO_0541,2025,Faculty_18,student,74.8,59.28,69.09,55.09,68.06,71.0,69.84,71.11,47.9,89.41,8.17,1
UNMSM_DEMO_0542,2022,Faculty_07,administrative,78.89,74.44,89.96,78.69,79.07,90.87,75.92,78.85,72.41,53.96,7.93,0
UNMSM_DEMO_0543,2022,Faculty_19,administrative,70.04,61.89,52.29,20.83,46.75,48.95,69.04,76.8,39.85,89.71,9.52,1
UNMSM_DEMO_0544,2022,Faculty_17,administrative,63.22,57.8,64.37,65.62,47.54,51.17,69.28,58.02,62.29,67.06,10.59,1
UNMSM_DEMO_0545,2026,Faculty_07,student,94.63,61.26,82.14,83.96,64.45,77.11,83.64,70.59,64.94,72.16,5.22,1
UNMSM_DEMO_0546,2022,Faculty_10,student,60.12,58.8,47.19,48.49,51.94,58.2,66.15,57.71,51.66,95.71,12.18,1
UNMSM_DEMO_0547,2024,Faculty_11,faculty,65.64,48.34,62.37,53.2,51.14,35.38,60.23,56.89,44.38,98.07,8.05,0
UNMSM_DEMO_0548,2024,Faculty_16,administrative,40.93,55.12,29.97,34.55,18.25,17.87,59.99,60.78,43.86,103.77,13.83,0
UNMSM_DEMO_0549,2024,Faculty_14,student,84.64,65.4,63.14,54.62,74.54,63.82,80.76,80.2,67.9,72.24,8.62,1
UNMSM_DEMO_0550,2025,Faculty_18,administrative,68.09,37.52,74.16,60.23,45.82,48.92,71.68,57.39,50.27,77.9,9.36,1
UNMSM_DEMO_0551,2026,Faculty_08,student,63.82,56.45,62.1,38.77,40.42,41.58,56.07,58.84,48.73,94.41,5.42,0
UNMSM_DEMO_0552,2023,Faculty_11,administrative,67.45,77.71,58.9,47.3,70.65,65.06,66.04,64.42,61.08,73.09,3.74,1
UNMSM_DEMO_0553,2026,Faculty_09,student,62.69,72.92,66.77,62.85,61.97,54.51,68.6,80.36,63.14,70.91,5.07,0
UNMSM_DEMO_0554,2023,Faculty_19,student,59.9,70.03,55.2,55.93,40.19,61.34,55.9,77.0,35.91,85.56,9.07,0
UNMSM_DEMO_0555,2026,Faculty_07,student,97.15,58.87,73.57,57.61,71.04,36.82,75.87,65.39,80.26,71.95,8.28,1
UNMSM_DEMO_0556,2024,Faculty_12,student,47.78,54.74,56.87,31.94,38.3,41.4,51.02,52.59,52.59,87.42,12.46,1
UNMSM_DEMO_0557,2025,Faculty_03,student,84.92,64.25,68.38,61.06,40.41,70.11,78.07,62.39,67.44,79.6,13.96,0
UNMSM_DEMO_0558,2026,Faculty_18,student,65.29,51.27,55.78,49.95,31.86,21.23,66.72,59.38,51.99,110.48,14.85,0
UNMSM_DEMO_0559,2025,Faculty_08,student,70.17,41.64,56.73,38.71,47.83,38.17,55.61,62.16,36.76,116.54,13.98,1
UNMSM_DEMO_0560,2026,Faculty_07,administrative,95.17,75.78,71.04,82.72,81.08,61.98,79.74,59.5,74.06,40.28,7.93,1
UNMSM_DEMO_0561,2024,Faculty_12,student,60.46,63.51,64.86,73.87,71.37,63.51,65.8,67.4,54.2,47.16,8.24,1
UNMSM_DEMO_0562,2022,Faculty_10,faculty,65.3,64.96,72.99,50.19,61.69,70.88,72.96,84.1,62.27,62.04,11.4,1
UNMSM_DEMO_0563,2024,Faculty_17,administrative,36.96,57.6,58.0,53.75,38.24,64.84,55.37,65.36,47.94,84.29,14.49,0
UNMSM_DEMO_0564,2022,Faculty_11,student,65.41,52.48,41.32,41.13,29.49,37.75,56.8,68.52,51.6,104.25,14.99,0
UNMSM_DEMO_0565,2026,Faculty_11,student,74.24,50.23,54.8,56.67,64.53,58.52,62.45,67.84,49.23,77.44,12.88,1
UNMSM_DEMO_0566,2023,Faculty_03,administrative,71.45,54.26,59.83,42.64,47.89,58.52,64.4,57.8,61.83,85.06,3.51,1
UNMSM_DEMO_0567,2023,Faculty_01,administrative,54.69,48.63,73.73,61.17,48.1,55.36,66.67,64.13,46.23,84.6,8.68,1
UNMSM_DEMO_0568,2023,Faculty_08,student,50.21,65.39,58.54,44.0,47.39,56.08,62.97,66.87,70.03,74.63,9.77,1
UNMSM_DEMO_0569,2025,Faculty_20,administrative,68.51,70.64,75.33,57.14,78.87,53.2,69.42,65.45,78.47,59.41,9.51,1
UNMSM_DEMO_0570,2024,Faculty_19,student,48.43,55.14,53.19,37.43,10.61,56.14,57.3,57.16,61.31,104.57,19.82,0
UNMSM_DEMO_0571,2026,Faculty_13,student,61.87,50.28,67.59,41.79,49.01,58.96,64.73,76.49,64.02,63.58,5.53,1
UNMSM_DEMO_0572,2024,Faculty_13,faculty,77.65,40.75,59.21,57.97,65.85,49.48,87.32,53.43,55.15,55.35,12.85,1
UNMSM_DEMO_0573,2023,Faculty_08,student,68.72,25.65,56.62,50.78,24.62,47.07,61.3,62.86,60.52,80.31,9.81,0
UNMSM_DEMO_0574,2022,Faculty_04,faculty,64.4,67.32,53.28,49.93,55.43,59.92,60.85,64.77,54.11,86.2,6.75,1
UNMSM_DEMO_0575,2022,Faculty_01,student,58.56,42.79,58.39,30.89,46.29,47.27,87.3,60.14,36.68,89.76,10.12,0
UNMSM_DEMO_0576,2023,Faculty_07,faculty,71.09,50.61,54.17,56.28,51.92,65.56,69.77,68.27,66.94,84.71,9.54,1
UNMSM_DEMO_0577,2026,Faculty_07,student,79.17,75.54,66.1,52.26,51.97,50.18,62.05,66.95,70.13,56.27,4.98,1
UNMSM_DEMO_0578,2024,Faculty_04,student,82.21,86.43,79.46,100.0,71.97,68.98,81.4,83.55,71.0,37.61,8.47,1
UNMSM_DEMO_0579,2026,Faculty_06,student,61.64,68.31,71.17,66.42,65.43,58.4,61.55,57.11,49.73,75.36,9.86,1
UNMSM_DEMO_0580,2022,Faculty_01,student,42.75,38.95,49.83,31.76,30.08,16.68,64.3,56.06,39.46,62.17,16.36,0
UNMSM_DEMO_0581,2022,Faculty_13,faculty,74.55,60.39,61.64,71.58,54.66,57.83,67.96,50.03,45.46,86.74,8.37,1
UNMSM_DEMO_0582,2026,Faculty_19,student,54.95,57.53,55.19,31.07,52.71,36.9,59.45,60.52,57.26,61.36,10.22,1
UNMSM_DEMO_0583,2022,Faculty_14,student,51.67,65.23,67.26,44.6,48.78,33.18,75.53,72.02,41.04,92.14,9.83,1
UNMSM_DEMO_0584,2022,Faculty_09,student,58.23,62.36,70.26,73.4,38.55,70.91,70.73,75.88,60.95,69.79,15.91,1
UNMSM_DEMO_0585,2024,Faculty_09,student,72.12,61.34,51.73,47.43,36.05,52.63,73.38,55.71,48.36,100.9,3.91,0
UNMSM_DEMO_0586,2026,Faculty_07,administrative,88.71,83.62,81.15,50.49,52.37,60.6,80.74,69.71,54.66,117.07,5.69,1
UNMSM_DEMO_0587,2025,Faculty_03,student,64.92,41.56,51.85,43.52,56.46,38.04,61.47,52.48,52.54,50.79,10.18,0
UNMSM_DEMO_0588,2022,Faculty_12,manager,57.55,56.36,41.77,57.74,42.71,49.07,64.58,62.23,48.6,90.42,9.12,1
UNMSM_DEMO_0589,2026,Faculty_12,student,63.83,53.49,71.4,54.54,57.03,56.34,77.04,52.95,63.44,53.3,7.95,1
UNMSM_DEMO_0590,2026,Faculty_01,faculty,66.79,32.18,47.57,43.39,36.92,37.25,65.11,53.7,38.86,93.97,12.23,0
UNMSM_DEMO_0591,2026,Faculty_09,student,75.71,52.71,86.23,63.24,93.92,62.94,87.78,73.1,56.69,50.05,1.66,1
UNMSM_DEMO_0592,2026,Faculty_06,student,62.05,59.11,71.38,59.32,61.48,67.84,74.03,68.43,38.59,72.92,8.43,1
UNMSM_DEMO_0593,2023,Faculty_04,administrative,84.72,79.41,73.99,74.42,75.08,47.8,76.48,77.09,49.13,49.16,8.45,1
UNMSM_DEMO_0594,2026,Faculty_15,manager,100.0,86.81,92.1,96.33,98.88,74.04,85.02,84.53,90.88,50.9,1.97,1
UNMSM_DEMO_0595,2023,Faculty_11,administrative,60.31,48.54,56.45,51.19,26.74,36.97,65.27,56.15,69.01,75.11,11.75,0
UNMSM_DEMO_0596,2026,Faculty_13,student,85.42,83.21,61.2,63.33,54.91,51.23,63.62,58.84,64.28,88.87,9.18,1
UNMSM_DEMO_0597,2024,Faculty_15,student,64.45,34.55,58.87,27.75,40.68,34.72,65.37,57.24,42.2,85.78,11.38,0
UNMSM_DEMO_0598,2025,Faculty_20,faculty,51.68,52.95,59.52,34.17,78.32,45.74,64.11,56.39,47.73,51.55,2.0,1
UNMSM_DEMO_0599,2025,Faculty_17,student,58.62,57.74,48.52,54.4,52.12,66.86,59.18,61.28,59.18,96.87,12.25,1
UNMSM_DEMO_0600,2025,Faculty_13,faculty,60.16,43.07,54.46,30.92,60.93,37.87,66.19,61.55,44.75,77.95,8.13,1
